t_ms,ax_mg,ay_mg,az_mg,gx_mdps,gy_mdps,gz_mdps,dist_mm
120366,893,-375,247,30800,-19460,74760,116.0
120487,837,-533,289,33040,-22120,71890,116.0
120506,773,-530,269,38990,-27650,65030,121.0
120521,769,-515,203,39690,-30520,57540,121.0
120536,839,-506,96,39340,-31150,51310,124.0
120551,1007,-362,-5,37240,-29050,48860,124.0
120561,1051,-308,-64,36540,-26950,46970,125.0
120576,1068,-271,-90,34650,-21420,44450,125.0
120591,1059,-247,-104,32900,-17920,43890,124.0
120606,1049,-242,-115,28140,-10360,43400,124.0
120616,1049,-237,-122,25340,-6300,43400,125.0
120631,1075,-212,-150,22260,-2100,43610,128.0
120646,1100,-194,-136,15400,6930,43750,128.0
120656,1071,-219,-96,11550,11130,43540,128.0
120671,1038,-241,-39,7350,18270,42490,131.0
120686,1014,-271,47,-1750,21000,41580,131.0
120696,1009,-279,116,-5880,22960,40460,130.0
120723,1226,-405,318,-21770,22820,36680,128.0
120738,1261,-256,559,-31360,11760,20930,133.0
120755,1176,27,247,-22330,9240,18620,133.0
120770,1149,-185,47,-12390,5250,8470,137.0
120785,1045,16,170,-8190,5460,2380,137.0
120795,1012,-54,70,-5810,4130,-7350,134.0
120810,925,-23,17,-5250,3920,-13720,137.0
120825,1000,-24,164,-7210,2730,-24500,137.0
120835,1024,-35,53,-10920,2870,-29610,136.0
120850,990,-19,59,-13930,2520,-34370,136.0
120865,1017,-9,45,-20160,3010,-43820,136.0
120875,1047,-28,56,-23100,3290,-48440,137.0
120890,1109,-20,76,-25970,3640,-52780,134.0
120905,1119,-27,97,-31360,3640,-61110,134.0
120915,1147,-31,129,-33600,3220,-65170,133.0
120930,1246,-39,161,-35420,2310,-73010,136.0
120945,1212,-36,182,-37870,-1400,-76580,136.0
120955,1182,-26,204,-38640,-3570,-80150,133.0
120970,1137,-42,176,-38290,-7910,-86660,128.0
120985,1028,2,173,-37170,-10010,-88970,127.0
121000,985,18,150,-32690,-13650,-92120,127.0
121015,930,0,160,-29540,-15400,-93520,124.0
121030,913,41,163,-21280,-19810,-95480,124.0
121045,877,47,155,-15610,-21980,-94430,125.0
121060,868,15,126,-490,-26180,-93660,125.0
121070,852,56,76,8400,-27790,-92680,129.0
121085,839,77,59,27370,-29050,-88550,127.0
121100,795,65,67,35700,-29890,-86800,127.0
121110,771,84,54,42910,-30870,-84980,125.0
121125,757,101,25,54670,-32340,-80500,127.0
121140,829,107,31,60480,-32620,-77840,127.0
121150,884,98,21,67480,-33110,-71820,124.0
121165,981,77,28,84560,-33740,-68810,125.0
121180,1041,71,34,93940,-34860,-62790,125.0
121190,1069,43,45,104230,-35700,-59990,122.0
121205,1031,47,-4,124530,-36190,-57260,125.0
121220,1003,44,-25,138460,-35910,-52780,125.0
121230,966,49,-35,141890,-35350,-51240,120.0
121245,884,58,-55,143010,-34650,-50050,120.0
121260,905,-12,2,142170,-33530,-48440,120.0
121277,902,-41,-16,138320,-33250,-50820,121.0
121292,910,-19,5,136080,-32480,-52150,121.0
121307,913,-34,-127,131880,-31640,-53410,119.0
121322,898,141,142,129430,-29400,-52570,117.0
121337,912,-58,15,119140,-32550,-51380,117.0
121347,951,144,-130,112070,-31920,-52570,116.0
121362,883,31,80,103670,-28700,-50960,114.0
121377,1437,646,-805,87850,-31430,-51730,114.0
121387,895,-1252,337,142240,-21770,-22050,116.0
121402,749,1285,76,158410,3570,16520,115.0
121417,1035,-451,1227,156450,4620,23450,115.0
121427,630,-379,-805,104930,8050,16310,114.0
121442,763,88,729,53130,27300,43820,111.0
121457,1282,-764,-708,28070,20860,50610,111.0
121467,859,504,-12,27160,25900,47600,110.0
121482,874,-36,-303,-20020,15610,48440,108.0
121497,966,-75,0,-35420,770,46270,108.0
121507,1089,38,-15,-54180,-2380,45570,111.0
121522,1012,21,-150,-80290,-7280,44590,108.0
121539,1011,-127,-106,-88270,-10430,40740,107.0
121554,1044,-110,-113,-83720,-10500,34720,107.0
121564,1013,-105,-119,-74830,-7560,30800,107.0
121579,1069,-132,-12,-48650,-5950,26880,107.0
121594,1057,-127,5,-18970,-2730,19810,107.0
121604,1033,-86,-47,-3850,-1050,16730,109.0
121619,1022,-71,-52,10150,280,13930,107.0
121634,1053,-100,-53,35420,3010,8540,107.0
121644,1058,-73,-98,45220,4200,6510,109.0
121659,1007,28,-151,52780,4760,3640,104.0
121674,1044,1,-138,58520,5320,3430,104.0
121684,986,100,-156,56280,5040,3220,106.0
121699,965,131,-241,51240,3710,3920,105.0
121722,982,136,-239,27860,2590,5530,108.0
121737,986,143,-266,17290,1610,7770,104.0
121752,949,125,-258,-1330,1610,8540,104.0
121762,984,159,-295,-7700,1540,9030,105.0
121777,1019,3,-140,-13230,2800,10080,107.0
121794,962,81,-168,-12460,3640,10360,107.0
121809,1015,30,-84,-5810,5040,10710,107.0
121819,998,73,-132,-1540,5320,10710,105.0
121834,986,87,-127,5390,6370,10780,105.0
121849,1003,39,-140,7280,6650,10780,105.0
121859,1012,42,-105,7980,6860,10710,103.0
121874,1004,45,-151,5810,6370,10710,104.0
121889,999,92,-133,3920,6230,10920,104.0
121899,988,120,-142,1610,6020,12810,105.0
121914,969,171,-101,-840,6090,14210,103.0
121929,970,166,-86,-910,5320,17360,103.0
121939,993,105,-89,280,5390,18830,103.0
121954,992,139,-35,5670,5180,20370,101.0
121969,969,177,-112,9870,4760,24430,101.0
121979,1011,149,-142,3640,3920,26880,103.0
121994,1025,45,-241,-12180,2100,29470,101.0
122009,1191,46,266,2870,5250,31780,101.0
122019,1116,-148,-368,-630,3010,31360,101.0
122034,1044,-12,-262,420,4340,26530,104.0
122053,1028,-117,-141,1470,4480,19320,102.0
122068,976,-245,-22,4970,5040,15610,102.0
122078,970,-187,-8,7350,3640,11690,102.0
122093,1042,37,-139,2240,3920,8540,105.0
122108,974,-122,-62,420,2940,7210,105.0
122118,1002,-29,-159,-1890,2520,6160,104.0
122133,1034,34,-116,-4970,3920,6440,104.0
122148,1024,61,-199,-3990,4340,7420,104.0
122158,1015,32,-219,-2240,5320,8890,104.0
122173,1033,119,-184,-420,8540,11970,104.0
122188,1027,31,-179,-3150,10780,14840,104.0
122198,1033,66,-286,-7140,17080,15890,103.0
122213,1045,56,-275,-18970,20720,16380,102.0
122228,1051,87,-370,-33040,30870,17850,102.0
122243,1062,55,-314,-43120,36540,18620,102.0
122253,1051,83,-285,-55860,43050,19110,104.0
122268,1041,51,-144,-92750,55930,21210,106.0
122283,1123,76,38,-112070,60550,22680,106.0
122293,1211,171,57,-122290,61950,20650,103.0
122310,1280,1100,-590,-58730,52430,18970,105.0
122325,1362,-239,506,-88200,54250,24640,105.0
122335,1002,44,132,-96530,51520,24360,108.0
122350,968,302,100,-108010,48650,21910,109.0
122365,1331,377,187,-114590,45010,15820,109.0
122375,1251,361,-97,-114450,40040,13090,113.0
122390,1194,325,43,-111370,37730,6860,113.0
122405,1082,326,-62,-100730,36190,3570,113.0
122415,1031,330,-36,-93450,34860,-280,116.0
122430,1002,366,-74,-76720,32690,-7980,121.0
122445,954,367,-62,-68250,31430,-11620,122.0
122460,935,379,3,-51310,28280,-17920,122.0
122470,930,408,13,-43050,26110,-20440,125.0
122485,930,433,22,-35420,23520,-23870,127.0
122500,883,410,42,-21560,17850,-25060,127.0
122510,840,395,25,-13720,14700,-26110,128.0
122525,787,369,-1,-5810,9590,-28210,127.0
122540,714,340,9,5880,7490,-29540,127.0
122550,719,323,37,7840,4970,-31220,129.0
122569,819,249,106,5110,-1750,-35770,127.0
122584,857,201,179,420,-11130,-41440,128.0
122599,874,86,224,700,-16940,-44450,128.0
122609,879,31,225,3150,-22820,-47600,131.0
122624,903,-26,200,11130,-33950,-54880,124.0
122639,924,-48,173,15330,-38780,-62020,124.0
122649,924,-44,145,18760,-46130,-65520,126.0
122664,982,-73,131,22050,-48720,-68950,126.0
122679,965,-52,111,22330,-53270,-75600,126.0
122689,954,-84,93,22330,-54880,-78540,122.0
122704,976,-63,104,22750,-56280,-80710,126.0
122723,1024,12,58,26600,-58870,-83230,128.0
122738,1046,-81,11,37590,-58380,-82670,128.0
122748,1034,-58,-31,44450,-57540,-82180,126.0
122763,1024,-46,-12,51940,-56140,-81270,124.0
122778,1018,-45,-16,65940,-54110,-78330,124.0
122788,1014,-40,-13,71680,-53130,-76860,123.0
122803,1021,-13,-11,77000,-51380,-72800,124.0
122822,1030,3,-44,86380,-48790,-67200,125.0
122837,1045,38,-51,94570,-47110,-63910,125.0
122847,1047,33,-64,98560,-45220,-60270,125.0
122862,1036,42,-98,106260,-39970,-52640,131.0
122877,1004,213,-149,108220,-36820,-48510,131.0
122887,970,43,-66,104790,-32760,-43960,125.0
122902,972,179,-24,92750,-28980,-36540,131.0
122917,1000,160,-14,84700,-27090,-29190,128.0
122932,949,242,41,60900,-23240,-25830,128.0
122942,942,232,56,45150,-22260,-22540,128.0
122957,968,249,47,27790,-20300,-16800,126.0
122972,1093,216,52,-4830,-18550,-13790,126.0
122982,1123,206,52,-18620,-16940,-10920,121.0
122997,1115,203,35,-40740,-13370,-5180,121.0
123012,1908,-170,-856,-19250,-17080,4900,121.0
123022,1873,-1054,1372,99960,16800,67060,120.0
123037,317,854,-1040,79870,4130,50400,117.0
123052,505,1384,-441,89670,15400,48510,117.0
123062,692,-449,244,66360,6370,48090,119.0
123079,931,570,-281,56280,9450,47600,117.0
123094,867,244,-296,18200,4130,49000,117.0
123109,988,117,-338,4620,2520,45920,117.0
123119,948,116,-441,-5390,2240,44100,116.0
123134,986,111,-332,-12390,4480,42630,116.0
123149,974,76,-339,-9730,9870,38920,116.0
123159,986,42,-309,5180,12950,36470,113.0
123174,1000,31,-219,14070,15820,34160,116.0
123189,982,114,-227,28140,19880,30310,116.0
123199,979,95,-294,31570,21630,28700,115.0
123214,969,129,-334,30940,22750,27510,115.0
123229,974,107,-378,21140,24570,25340,115.0
123239,991,92,-410,12810,25550,24570,113.0
123254,988,104,-416,3430,27720,23310,113.0
123269,969,122,-496,-15470,29400,22820,113.0
123279,975,111,-466,-22260,31990,22260,111.0
123294,993,78,-391,-29750,37450,21000,111.0
123309,993,72,-352,-30940,40250,20370,111.0
123319,988,97,-289,-31080,42910,19600,112.0
123338,971,136,-231,-32620,45570,19040,108.0
123353,978,159,-127,-34020,46410,18480,109.0
123368,930,305,-171,-36050,45850,18410,109.0
123378,973,181,-82,-39270,45290,18830,110.0
123393,973,223,49,-46410,41230,19040,109.0
123408,926,346,87,-51100,35700,18830,109.0
123418,895,433,98,-56980,32200,16870,110.0
123433,834,965,183,-81900,27790,12530,108.0
123448,943,845,152,-108990,19670,7700,108.0
123458,1204,-398,-13,-63490,18270,14490,109.0
123473,1026,548,295,-25760,17220,15750,109.0
123488,1019,609,151,-14490,13160,13650,109.0
123498,987,622,164,-19390,10850,9100,108.0
123513,918,601,168,-26390,8260,140,108.0
123528,756,652,192,-53060,2310,-4550,109.0
123543,692,640,197,-91420,-5250,-10360,109.0
123553,653,596,191,-108430,-8750,-12600,107.0
123568,635,385,125,-119420,-11760,-14700,111.0
123583,556,333,119,-126700,-16170,-18690,111.0
123598,1209,1022,579,-124880,-18130,-20580,108.0
123613,1979,-793,1035,25340,-7630,48370,108.0
123628,805,659,-70,55020,-18480,57890,106.0
123643,391,-450,415,53410,3010,63980,106.0
123653,525,293,-523,47320,-5040,51100,106.0
123668,796,439,-467,56000,9870,45360,101.0
123683,1056,260,264,82180,19390,42140,101.0
123693,982,-11,-530,80710,18060,38850,104.0
123708,1028,-192,6,85470,26040,39130,103.0
123727,880,154,206,66430,25060,35770,103.0
123742,1013,-193,-6,54670,21140,35350,103.0
123752,935,138,134,44030,20580,35420,103.0
123767,997,118,79,7980,14700,35210,103.0
123782,1108,70,15,-6720,9800,34860,103.0
123792,962,99,172,-10990,6720,35420,102.0
123807,1134,-306,542,840,4550,35910,101.0
123822,1138,25,153,3570,-3430,33460,101.0
123832,1020,134,-47,2940,-6020,32480,99.0
123847,967,-265,347,5320,-7630,30730,103.0
123866,1019,-96,-68,280,-11900,25550,100.0
123881,1033,-70,134,-11970,-11620,19390,100.0
123891,1025,38,54,-24290,-10360,16170,103.0
123906,1019,-21,32,-36400,-9380,9240,101.0
123921,1010,-198,-119,-47600,-7280,7070,101.0
123931,1051,-267,-181,-44170,-6230,5880,102.0
123946,1042,-276,-172,-36470,-4970,5880,101.0
123961,1014,-282,-88,-15610,-5250,6510,101.0
123971,1008,-260,-88,-4130,-6090,7420,100.0
123986,1028,-222,-80,17150,-8470,9660,97.0
124001,982,-93,21,24290,-9590,10990,97.0
124011,1015,40,29,27300,-10150,11760,100.0
124026,1042,125,40,21210,-9800,12950,101.0
124041,1018,122,93,14980,-9450,13160,101.0
124056,1045,140,40,-1960,-8750,12880,101.0
124066,1044,-38,-91,-7280,-8120,13440,100.0
124081,1044,-149,-150,1890,-7070,16240,100.0
124096,1052,49,-52,4970,-6160,17430,100.0
124106,1052,18,-47,2030,-4760,17710,102.0
124125,1046,-86,-134,1400,-1820,18480,102.0
124140,1050,-28,-88,1120,1470,18970,102.0
124155,1071,-47,-142,-1400,3220,18830,102.0
124165,1111,144,-269,-5180,5390,18200,99.0
124180,1101,-110,-137,-16870,10990,17010,104.0
124195,1019,-48,-136,-20510,14980,16030,104.0
124205,1065,-138,-161,-21140,16870,16310,102.0
124220,1058,-133,-139,-17360,18270,16800,103.0
124235,1061,-133,-127,-10150,20650,18690,103.0
124245,1067,-108,-143,-6440,22050,20020,105.0
124260,1078,-67,-146,-3640,23800,21140,106.0
124275,1080,-39,-130,-2100,27930,23310,106.0
124285,1087,23,-126,-4200,30730,23940,106.0
124300,1134,80,-129,-8120,33950,24220,108.0
124315,1167,211,-113,-23240,41720,24150,108.0
124325,1157,195,-87,-34020,45780,23940,108.0
124340,1130,198,-48,-45080,52430,23240,111.0
124355,1053,117,163,-69930,55020,22680,111.0
124365,966,124,167,-81620,55860,23100,111.0
124384,810,413,279,-99680,47880,18200,112.0
124399,1655,305,193,-98700,37100,14420,118.0
124414,1168,293,33,-91420,26320,12670,118.0
124424,1114,254,315,-81410,23380,11340,117.0
124439,1101,322,134,-51450,15400,7910,121.0
124454,1048,189,45,-28140,13510,9380,121.0
124464,1024,205,68,-1470,13020,9380,123.0
124479,1001,342,61,41720,12460,9940,123.0
124494,984,338,95,59080,10570,9450,123.0
124504,974,298,5,57470,10570,7490,126.0
124519,891,370,52,51730,10220,6440,130.0
124534,916,314,5,39270,9170,2380,130.0
124544,833,342,30,31990,8890,0,130.0
124559,772,271,31,24290,8190,-6300,131.0
124574,798,193,112,9660,6090,-9870,134.0
124589,839,127,153,3850,140,-19040,134.0
124599,898,79,210,-770,-4410,-24290,136.0
124614,999,-7,305,-5670,-10080,-29680,139.0
124629,1028,-63,303,-1960,-22400,-41230,139.0
124644,1049,-125,279,2520,-28560,-47320,139.0
124659,1030,-135,187,13580,-38150,-59010,135.0
124674,975,-138,131,18620,-41230,-64610,128.0
124689,953,-84,44,24780,-44100,-74340,128.0
124699,915,-50,-2,25760,-44100,-78260,127.0
124714,912,-77,-2,25900,-41720,-84980,124.0
124733,931,-30,-83,24080,-36610,-90160,122.0
124748,983,20,-96,21910,-33250,-91840,122.0
124758,1001,-2,-55,20720,-29960,-92890,121.0
124773,1007,13,-54,17780,-24780,-94570,122.0
124788,1078,0,-13,16450,-22260,-95130,122.0
124798,1105,-1,-23,14980,-20510,-95900,122.0
124813,1114,10,-19,12110,-16800,-97160,122.0
124828,1132,23,-4,10500,-15120,-96810,122.0
124838,1149,169,-12,9730,-13720,-94360,119.0
124853,1154,135,-15,8260,-10290,-92120,121.0
124868,1157,97,24,6650,-8190,-87430,121.0
124878,1141,192,94,1260,-9030,-84490,122.0
124893,1148,182,107,-2660,-10290,-81760,123.0
124910,1164,158,140,-12880,-13580,-76230,125.0
124925,1158,168,170,-18270,-18060,-70770,125.0
124935,1165,142,158,-22960,-20510,-67970,129.0
124950,1205,156,170,-26110,-23100,-64610,133.0
124965,1222,84,187,-21350,-28490,-57960,133.0
124975,1251,85,152,-16660,-30800,-54600,132.0
124990,1247,80,180,-11410,-33460,-50890,136.0
125005,1212,110,68,-140,-38010,-43470,136.0
125015,1182,93,39,5670,-38360,-39620,140.0
125030,1018,77,8,11060,-38080,-32900,143.0
125045,851,90,-39,20300,-35840,-29750,143.0
125055,785,114,-22,24150,-34300,-26530,145.0
125070,723,89,-33,30100,-31640,-20510,145.0
125085,741,203,-44,32620,-30240,-16800,143.0
125100,771,180,71,38150,-29680,-8540,143.0
125110,799,255,217,41930,-32830,-4410,141.0
125125,751,247,245,46690,-36820,-630,142.0
125140,726,302,167,60690,-44450,6930,142.0
125150,614,251,151,72030,-46620,10850,143.0
125169,547,254,65,97650,-49140,15750,139.0
125184,481,183,47,109900,-49000,16380,140.0
125199,528,358,79,118300,-47530,15610,140.0
125209,632,349,-22,117460,-46760,15890,137.0
125224,708,301,100,109130,-42910,13860,136.0
125239,871,353,21,102690,-40320,12460,136.0
125254,938,261,-12,89180,-34230,8750,136.0
125264,1002,296,3,82880,-30240,6720,136.0
125279,1123,254,-40,77210,-26040,4900,132.0
125294,1159,268,-60,67060,-15820,1750,132.0
125304,1170,268,-87,62090,-10080,700,127.0
125319,1140,267,-66,56980,1820,-1120,126.0
125334,1094,240,-50,47810,7490,-2100,126.0
125344,1092,245,-48,43400,12810,-3150,125.0
125359,1078,268,-17,32410,22260,-5250,122.0
125374,1995,-1518,-1731,132090,14140,11830,122.0
125384,1528,685,1488,329700,49000,46270,118.0
125399,811,-123,-1491,273350,41720,49210,115.0
125414,146,806,657,294000,57260,38150,115.0
125430,973,-394,-360,270270,47670,37520,117.0
125445,1496,24,55,232890,41720,38710,112.0
125460,825,155,-679,202370,38430,39060,111.0
125475,773,210,-616,128310,30100,38570,109.0
125490,1100,-121,-419,89110,25830,38430,109.0
125500,1035,-23,-430,47040,22330,38570,110.0
125515,904,22,-495,-23310,15960,38010,108.0
125530,931,0,-379,-46200,11970,37380,108.0
125540,991,-56,-278,-60550,10990,36750,105.0
125555,1005,-81,-171,-63490,10850,35700,106.0
125570,983,-113,-184,-37730,12670,30940,106.0
125580,993,-133,-167,-18900,14630,27650,107.0
125595,1014,-157,-189,1050,17010,24080,108.0
125610,1012,-161,-274,37030,22190,16940,108.0
125620,1006,-142,-285,49560,24640,13860,106.0
125635,975,-92,-294,57050,26250,9170,105.0
125650,991,-64,-278,54460,26950,7700,105.0
125660,994,-34,-258,45780,26110,6580,104.0
125675,982,-15,-262,20790,22890,5390,105.0
125692,980,-65,-288,8400,21490,3710,105.0
125702,988,-53,-272,-2450,20440,2730,104.0
125717,996,-77,-262,-21140,18900,1820,104.0
125746,997,-54,-165,-38780,16940,-1400,104.0
125761,1014,-53,-152,-42840,14770,-3010,104.0
125776,994,8,-109,-47040,13790,-3430,105.0
125791,990,27,-98,-44590,11690,-3360,106.0
125806,992,66,-69,-40670,10990,-2870,106.0
125816,994,83,-52,-35000,10500,-2240,104.0
125831,980,121,-100,-21490,9800,-560,104.0
125846,969,154,-100,-14910,9730,2520,104.0
125856,970,167,-131,-9800,9590,4620,105.0
125871,963,182,-160,-3920,9380,6860,105.0
125886,965,177,-171,-2730,9380,11200,105.0
125896,959,163,-187,-2380,9380,13090,104.0
125911,978,136,-162,-2660,9310,14840,105.0
125926,961,157,-196,-3080,9450,18480,105.0
125939,978,142,-169,-2730,9940,20440,103.0
125954,966,129,-174,-1190,10780,23800,101.0
125969,1003,33,-112,1960,11550,24850,102.0
125984,1042,-21,-209,11270,12250,25900,102.0
125994,1126,-174,-206,4970,12390,25480,103.0
126009,1049,-128,-347,-9590,11550,23240,104.0
126024,1029,-113,-56,-910,15400,20440,104.0
126034,1001,-224,-298,-3640,15540,18060,100.0
126049,1005,-131,-108,-350,16730,11970,103.0
126064,995,-126,-96,560,15890,9310,103.0
126074,987,-101,-104,1470,15190,7210,105.0
126089,1006,-77,14,1890,12950,4690,102.0
126104,996,-21,-85,2030,11690,4270,102.0
126114,1003,-15,-58,2240,10780,4340,101.0
126129,1007,-11,-81,1960,9170,4900,100.0
126144,1007,-8,-81,2100,8610,5320,100.0
126154,1012,-20,-89,2100,8400,5180,100.0
126169,1008,-51,-150,2170,8960,4830,102.0
126184,1003,-88,-183,2380,11200,2940,102.0
126201,1008,-87,-228,2380,13020,560,103.0
126216,1009,-84,-266,2100,17850,-840,103.0
126231,1012,-57,-271,1820,23520,-2590,101.0
126246,1012,-31,-288,1680,26250,-3010,102.0
126261,1020,2,-246,700,31710,-2310,102.0
126271,1025,13,-198,140,34020,-1540,101.0
126286,1031,83,-226,-1470,36260,-280,102.0
126301,1003,35,-66,1470,39060,3360,102.0
126311,1018,129,-64,840,39550,5390,100.0
126326,1034,99,14,1470,39620,8190,101.0
126341,1016,-21,195,4480,36400,7910,101.0
126351,1095,108,-55,1190,34090,8120,100.0
126366,1202,404,-106,-140,32970,11550,98.0
126381,1281,387,604,-24360,34860,11130,98.0
126391,1057,503,-85,-46410,36190,11340,101.0
126406,1059,181,-12,-73360,42140,11130,104.0
126421,1152,90,-411,-75530,45220,11760,104.0
126431,1258,72,-463,-74270,49910,13020,102.0
126446,1204,188,-188,-70490,59990,17010,107.0
126463,1138,257,-100,-77840,67760,23450,111.0
126478,1102,382,41,-84280,70070,27790,111.0
126488,1027,249,108,-93310,70840,31150,111.0
126503,953,326,196,-101290,67620,37520,114.0
126518,772,180,266,-106050,65660,41160,114.0
126528,679,299,308,-109550,59990,43330,118.0
126543,1096,146,85,-108220,45780,42770,118.0
126558,971,200,252,-107240,32200,39970,118.0
126568,931,221,-45,-90440,28700,38640,122.0
126583,898,18,-35,-77910,24360,32550,120.0
126598,919,-6,-40,-40810,20230,25550,120.0
126608,945,-262,111,-22330,17430,19040,123.0
126623,979,-66,167,-11270,12740,13440,121.0
126638,983,-95,201,-2450,2100,1400,121.0
126648,972,-92,178,-420,-3500,-5390,126.0
126663,977,-74,142,770,-12670,-18550,125.0
126678,997,-88,91,1400,-15890,-24920,125.0
126688,968,-111,-23,280,-18130,-31360,125.0
126703,995,-64,58,-5390,-20020,-43120,124.0
126722,983,-9,-24,-13650,-21000,-51170,124.0
126743,979,37,-2,-22470,-19740,-57470,126.0
126758,971,45,-32,-26600,-18900,-61600,124.0
126773,993,17,-44,-33530,-15540,-63560,124.0
126783,1004,23,-29,-35910,-13650,-65450,121.0
126798,1000,28,-15,-37450,-10570,-67900,124.0
126813,952,35,9,-39970,-9170,-69020,124.0
126823,921,40,37,-42350,-8400,-70140,120.0
126838,910,39,65,-49280,-8820,-72520,122.0
126853,957,60,127,-52570,-9800,-73500,122.0
126863,978,85,150,-54740,-11550,-73850,120.0
126878,993,90,136,-54320,-15540,-72310,121.0
126893,1034,85,134,-52920,-17500,-70350,121.0
126903,1070,82,145,-51100,-19460,-69300,122.0
126918,1085,76,126,-46200,-23660,-68390,127.0
126933,1067,75,114,-41230,-26950,-66850,127.0
126943,1058,67,110,-39130,-28560,-66360,126.0
126958,1071,101,112,-36890,-30170,-65450,127.0
126977,1139,95,97,-31010,-33040,-62860,128.0
126992,1179,88,57,-21630,-34930,-59640,128.0
127002,1222,89,34,-15120,-35000,-57680,130.0
127017,1210,71,32,-8190,-34720,-55720,130.0
127032,1197,92,-8,4270,-33810,-52150,130.0
127042,1188,114,-21,9520,-32690,-50120,130.0
127057,1177,128,-26,14000,-29890,-45220,131.0
127072,1174,162,-1,19670,-28560,-42630,131.0
127082,1163,172,18,20860,-27720,-39900,134.0
127097,1141,200,26,21210,-27510,-34020,138.0
127112,1031,176,86,20790,-28490,-31360,140.0
127127,963,170,111,16940,-32130,-27300,140.0
127137,889,231,149,14070,-34650,-24710,138.0
127152,739,221,101,12320,-37870,-19180,137.0
127167,656,173,86,13230,-43190,-17010,137.0
127177,653,161,64,16170,-45360,-14910,138.0
127192,650,120,63,20300,-48720,-11760,139.0
127207,672,113,39,32130,-50260,-10430,139.0
127217,686,93,34,40810,-51240,-8960,136.0
127234,696,118,36,59850,-53060,-5880,141.0
127249,704,134,55,67970,-54880,-2940,138.0
127264,718,169,38,78470,-55790,-1540,138.0
127274,713,167,49,82320,-56350,-70,140.0
127289,730,157,41,90090,-57050,2870,138.0
127304,781,143,-8,94220,-56490,4060,138.0
127314,815,155,-9,98420,-55300,5250,138.0
127329,854,154,-15,104160,-52080,7140,134.0
127344,991,147,-1,104510,-50120,8050,134.0
127354,1073,169,-7,103810,-48160,8470,135.0
127369,1098,224,-10,98630,-43960,9380,130.0
127384,1019,232,-67,93800,-37240,10850,129.0
127399,663,190,12,77210,-34510,10220,129.0
127409,373,162,21,66290,-32340,8050,126.0
127424,147,101,-58,41580,-28070,-840,122.0
127439,-40,27,-27,29190,-24990,-7350,122.0
127449,384,293,-321,19040,-22540,-14140,116.0
127464,1351,-511,441,85750,52710,58450,113.0
127479,394,-550,-279,67060,21700,52570,113.0
127494,-67,354,-304,93030,21140,53340,115.0
127509,1555,-1015,620,104510,25690,47740,108.0
127524,721,-3,-1173,82810,18200,49700,108.0
127539,233,1213,-1311,79310,29190,46760,108.0
127549,1068,-198,8,69720,27720,46270,109.0
127564,948,4,-295,59570,28980,43750,109.0
127579,786,-274,-191,33530,21210,37170,109.0
127589,1028,-128,11,25410,18550,34510,107.0
127604,1014,-23,-234,15050,15120,30030,104.0
127619,963,-21,-184,11130,13370,27020,104.0
127629,1009,-128,-201,11690,12320,24220,108.0
127644,1037,-127,-149,14840,10780,19320,103.0
127659,964,-40,-145,14910,8540,17360,103.0
127669,983,-32,-97,17290,6510,15540,105.0
127684,1012,-46,-208,24080,3080,12390,108.0
127699,973,-43,-308,21840,2100,10920,103.0
127714,982,-78,-421,-560,910,8540,103.0
127724,998,-59,-332,-3080,2660,6720,103.0
127743,989,-70,-372,3360,7490,2730,104.0
127763,981,-50,-286,560,9870,140,103.0
127778,995,-7,-205,4060,10430,-2240,105.0
127793,995,-15,-259,4900,10360,-2940,105.0
127803,975,17,-266,5740,10780,-3640,102.0
127818,983,33,-256,6440,11690,-4340,104.0
127833,994,46,-252,6580,12180,-4340,104.0
127843,990,64,-222,6790,12670,-3990,101.0
127858,974,157,-167,14000,13860,-2170,103.0
127873,981,170,-204,21140,15960,1400,103.0
127883,966,231,-275,26950,16240,3920,102.0
127898,955,206,-387,11410,15890,6860,104.0
127913,945,184,-299,-7770,15610,12460,104.0
127923,971,196,-194,-4060,16100,14630,101.0
127938,974,147,-147,-1890,15470,16730,101.0
127953,963,125,-143,-6370,12950,20440,101.0
127963,1006,-43,-90,-5180,12250,21210,103.0
127978,1002,7,-112,-4480,11480,20300,102.0
127993,1003,-97,-141,-4130,10010,19040,102.0
128006,1010,-75,-135,-3360,9450,17290,103.0
128021,987,-166,-155,-1540,8960,12670,101.0
128036,998,-103,-84,-210,8260,7210,102.0
128051,997,-66,-55,1330,5600,5110,102.0
128061,1001,-18,-38,1960,3850,3640,105.0
128076,997,13,-73,2170,560,2870,101.0
128091,997,25,-126,2240,-420,3010,101.0
128101,1006,28,-145,1890,-1050,3220,102.0
128116,997,4,-205,1400,-910,3150,102.0
128131,1001,-12,-186,1260,-420,2730,102.0
128141,1000,-2,-225,1260,0,1610,99.0
128156,1001,1,-224,1400,1680,1120,102.0
128171,998,-7,-250,1190,3920,350,102.0
128181,1002,1,-261,1400,5530,-140,104.0
128196,989,-18,-383,1330,7490,-700,102.0
128211,997,-25,-344,1680,13090,-2030,102.0
128221,1009,-34,-355,2520,15540,-3150,103.0
128236,994,-25,-425,2870,18410,-4060,99.0
128251,999,10,-344,1330,25340,-4970,99.0
128266,997,25,-373,210,28490,-4690,100.0
128281,1002,13,-317,-140,34300,-4760,100.0
128296,999,11,-313,-700,39690,-4480,101.0
128311,1007,15,-283,-3080,42210,-4060,101.0
128326,1002,58,-320,-9450,46830,-2590,101.0
128336,993,90,-300,-16310,48650,-1260,98.0
128351,970,152,-335,-27580,49630,560,99.0
128366,947,187,-320,-59780,50610,5250,99.0
128376,906,206,-383,-83510,49070,8610,101.0
128391,1217,-475,-71,-106750,48300,15190,101.0
128406,1205,643,577,420,62020,14840,101.0
128416,1309,-9,46,-11690,53410,18620,99.0
128431,1173,1719,48,-85400,49630,14630,97.0
128446,1310,-111,1119,-110320,57400,18760,97.0
128456,638,536,123,-136290,55020,21420,102.0
128471,724,537,36,-158970,49070,22750,103.0
128486,1112,-26,-51,-146860,47320,27090,103.0
128496,1094,-142,-471,-126910,45430,32900,104.0
128511,947,-193,-61,-71330,42560,45780,107.0
128530,953,-61,-143,-17080,35910,61600,111.0
128545,1073,81,-127,-350,35280,73570,111.0
128555,1059,100,-74,11200,35350,77910,109.0
128570,1017,49,30,20370,36120,81200,113.0
128585,1009,53,85,20370,37240,84280,113.0
128595,988,57,132,17430,37380,84280,116.0
128610,846,46,267,13160,36890,83720,118.0
128625,754,-258,597,7490,30100,80080,118.0
128635,616,-419,706,4200,24710,77070,118.0
128650,681,-439,632,2030,18970,70000,119.0
128665,796,-352,476,-2800,7770,65870,119.0
128675,782,-385,436,-5040,3500,62090,121.0
128690,770,-421,435,-7770,-2660,54600,121.0
128705,881,-378,217,-13160,-3780,51100,121.0
128715,973,-360,76,-15820,-3570,47880,125.0
128730,1006,-366,7,-18410,-630,42350,125.0
128749,972,-442,-6,-17080,3990,38220,122.0
128764,1017,-408,-99,-15890,7000,36470,122.0
128779,1037,-385,-152,-12600,14560,34230,125.0
128794,1042,-396,-140,-10920,18690,32410,127.0
128809,1017,-383,-90,-7770,26320,31360,129.0
128824,1018,-364,-73,-7140,33600,29470,128.0
128839,1025,-296,-42,-9450,37380,28280,128.0
128849,987,-261,37,-13930,41370,26880,129.0
128864,991,-161,91,-27370,48650,24850,131.0
128879,1183,-215,326,-35420,48440,20930,131.0
128889,1025,-275,230,-41090,47740,17360,135.0
128904,993,-90,167,-44870,40320,7910,132.0
128919,1173,-83,226,-45570,35910,-2660,132.0
128929,1229,-45,231,-46620,30870,-7840,134.0
128944,1180,-74,190,-45570,19250,-13160,139.0
128959,1119,-72,190,-42910,9450,-24290,139.0
128969,1077,-47,174,-42490,4970,-29820,134.0
128984,1034,-35,158,-42770,630,-35140,135.0
128999,1037,-41,137,-42980,-7140,-45780,139.0
129014,1075,-70,130,-41720,-10430,-50890,139.0
129029,1087,-54,92,-36890,-16030,-60830,138.0
129044,1100,-52,99,-34300,-18060,-69720,138.0
129059,1084,-45,96,-31500,-21630,-74060,137.0
129074,1087,-38,110,-31710,-25340,-82670,137.0
129084,1132,-47,105,-32550,-27090,-86590,135.0
129099,1151,7,174,-33110,-29680,-89880,136.0
129114,1074,15,150,-35070,-35000,-95270,136.0
129124,1013,30,184,-36680,-37940,-97510,134.0
129139,909,33,182,-38150,-41230,-99680,135.0
129154,876,65,164,-38710,-47390,-102900,135.0
129164,746,80,165,-37870,-50120,-103460,135.0
129179,688,87,180,-36260,-56070,-102970,137.0
129194,646,86,147,-30520,-59080,-102060,137.0
129204,669,84,112,-25200,-61390,-100660,132.0
129219,692,36,94,-6930,-64260,-97090,130.0
129234,759,22,-2,4690,-64190,-95130,130.0
129244,770,24,-20,16870,-63350,-92960,132.0
129259,786,26,-50,39690,-60760,-88270,131.0
129274,834,49,-61,49140,-59080,-83020,130.0
129293,914,106,-24,62860,-56280,-80150,130.0
129303,959,119,0,67760,-55370,-73150,131.0
129318,1132,132,40,75180,-54810,-69230,129.0
129333,1140,112,-34,79450,-53340,-61320,129.0
129348,1066,109,-66,89600,-52080,-57260,129.0
129358,1031,85,-64,93870,-49980,-53690,126.0
129373,1002,85,-71,99540,-45710,-47880,127.0
129388,950,49,-29,100940,-43820,-45920,127.0
129398,990,52,-52,102060,-42350,-44240,124.0
129413,1053,62,-18,104510,-38920,-40600,124.0
129428,1145,57,-17,105770,-37450,-37030,124.0
129438,1148,42,12,107030,-36050,-35490,122.0
129453,1106,44,3,109200,-34230,-34020,123.0
129468,1054,40,28,109760,-32620,-31220,123.0
129478,1009,54,-5,108360,-31430,-30030,123.0
129493,927,45,24,106750,-29890,-28980,118.0
129508,911,36,-5,102550,-27930,-27230,118.0
129518,888,96,57,98840,-26670,-26110,120.0
129533,887,25,-73,93940,-26110,-26180,118.0
129550,878,42,58,77560,-23520,-27090,116.0
129565,905,103,33,53200,-21980,-28140,116.0
129575,954,187,-300,51730,-28140,-22120,112.0
129590,1034,-1196,1522,69090,41510,50050,111.0
129605,256,795,-800,50820,22120,41370,111.0
129615,994,905,23,60830,26320,41020,109.0
129630,967,-213,-267,40670,22470,43610,109.0
129645,778,133,-192,32620,17010,41090,109.0
129655,928,40,-493,25410,12810,39340,107.0
129670,1064,157,-79,6510,8960,38430,112.0
129685,1059,-59,-242,-3010,6650,37590,112.0
129695,952,59,-294,-10010,5600,35420,107.0
129710,972,-63,-353,-14980,6370,30240,104.0
129725,1031,-145,-375,-12040,8680,26530,104.0
129735,1021,-122,-396,-8050,11900,19110,105.0
129756,1024,-133,-387,1260,21350,11970,109.0
129771,998,-51,-331,840,23170,8960,105.0
129786,987,1,-323,-7140,24570,5110,105.0
129803,989,97,-232,-14140,23240,4410,105.0
129813,981,150,-197,-21840,21700,4970,106.0
129828,961,204,-157,-34930,20160,5950,105.0
129843,963,201,-150,-39620,18060,8540,105.0
129853,960,199,-139,-38080,17640,10010,108.0
129868,960,177,-99,-34370,17570,11340,106.0
129883,966,175,-87,-25060,17010,13510,106.0
129893,983,190,-97,-19460,17150,15050,103.0
129908,960,204,-91,-14420,17220,17920,105.0
129923,977,153,-101,-6930,17010,19110,105.0
129933,981,160,-105,-5180,16660,20300,105.0
129948,981,155,-110,-4970,15540,22540,103.0
129963,980,171,-94,-6930,14980,23800,103.0
129973,979,171,-85,-9030,14070,24990,103.0
129988,984,146,-71,-13580,11760,27720,101.0
130003,972,164,-82,-15470,10640,29050,101.0
130013,977,134,-92,-16380,9800,30450,104.0
130028,979,110,-78,-14280,9030,32760,102.0
130043,980,99,-59,-11620,8750,34860,99.0
130062,985,111,-40,-4550,8120,37730,99.0
130072,983,131,-46,350,8120,39410,101.0
130087,1258,-272,-230,9660,7700,41160,104.0
130102,1135,-74,-109,-7840,8190,40110,101.0
130117,1073,-145,-294,-7140,9310,37800,101.0
130127,1045,-176,-117,70,11480,34440,100.0
130142,1016,-226,-208,-7070,14700,27440,101.0
130157,1000,-179,-257,-5320,16380,23800,101.0
130167,1011,-150,-233,-560,18130,20650,103.0
130182,978,-195,-220,4480,21420,15610,102.0
130197,991,-147,-199,5740,24920,11620,102.0
130207,1003,-92,-137,5530,26530,10290,102.0
130222,993,-86,-172,1890,28280,9380,100.0
130237,1004,-45,-148,-3010,31850,8470,100.0
130247,1016,-20,-141,-4550,33530,8470,102.0
130262,1005,-31,-132,-5110,35070,8470,102.0
130277,1069,-39,262,-1890,36190,8260,102.0
130287,1054,84,-26,1470,32410,8050,99.0
130302,1105,42,37,350,32620,10640,101.0
130319,1227,255,-5,-2590,27720,11550,101.0
130334,1172,463,20,-32410,29820,11060,101.0
130344,1054,256,67,-45710,32200,10360,102.0
130359,1020,-138,-135,-52780,34020,8750,103.0
130374,1256,-33,-562,-50540,40950,8120,103.0
130384,1249,0,-525,-45290,46340,9240,105.0
130399,1182,20,-388,-41650,56980,11060,106.0
130414,1123,96,-141,-47320,61950,11760,106.0
130424,1091,258,-70,-53130,65800,12250,110.0
130439,1056,328,74,-70980,71470,14910,111.0
130454,995,244,315,-84910,71120,16520,111.0
130464,920,276,345,-95550,67970,17780,114.0
130479,914,440,192,-100870,55090,24010,118.0
130494,1102,386,131,-103600,47250,28140,118.0
130504,1309,379,389,-105560,40390,29890,119.0
130519,1132,287,110,-102970,24780,32480,120.0
130534,1047,254,46,-94150,16800,32830,120.0
130544,944,234,-44,-87570,15260,32480,125.0
130559,887,190,-68,-80430,14140,31500,123.0
130580,867,136,-66,-65800,13790,28910,128.0
130595,813,134,-57,-49140,14000,28070,127.0
130610,822,45,-59,-39480,14490,25760,127.0
130620,831,-21,7,-28280,13790,22960,128.0
130635,876,-31,130,-6580,12460,19740,129.0
130650,936,-58,241,5460,3500,11690,129.0
130660,967,-69,314,10500,-3570,7140,129.0
130675,976,-140,346,16240,-11270,2100,131.0
130690,958,-179,236,29190,-25340,-8750,131.0
130700,937,-180,176,34860,-30450,-14630,131.0
130715,925,-161,132,38640,-34230,-26390,129.0
130730,909,-76,49,40530,-38850,-31150,129.0
130740,917,-170,-94,39480,-39270,-35700,131.0
130767,918,-1,-167,26950,-34440,-49910,132.0
130782,948,-34,-80,21630,-30590,-56350,130.0
130797,955,-22,-126,12110,-23800,-59080,126.0
130812,943,-1,-68,7770,-17640,-64260,125.0
130831,969,41,-54,-840,-13020,-67060,125.0
130841,971,47,-1,-4830,-12110,-67970,124.0
130856,1011,64,-7,-12180,-12250,-68390,126.0
130871,1043,70,85,-19180,-12320,-68950,122.0
130886,1167,58,151,-21770,-13510,-69370,122.0
130896,1203,74,159,-23170,-15610,-69300,122.0
130911,1237,91,187,-24220,-20300,-67690,119.0
130926,1223,90,184,-24570,-23170,-65800,119.0
130936,1193,75,194,-25270,-26320,-65240,117.0
130951,1166,59,206,-27090,-33180,-64820,116.0
130966,1157,57,212,-26670,-40530,-63910,116.0
130976,1161,54,216,-25970,-44240,-63420,117.0
130991,1168,155,161,-23870,-47670,-61530,121.0
131006,1159,21,155,-17780,-52290,-57890,121.0
131016,1135,63,111,-14770,-54530,-57050,121.0
131031,1102,0,-7,-8820,-55650,-56910,124.0
131046,1058,-59,-53,13370,-53550,-54950,124.0
131056,1001,-52,-150,27090,-51380,-53550,123.0
131071,970,-2,-77,41090,-45640,-48440,125.0
131092,853,-38,-15,73850,-44240,-42980,128.0
131107,688,24,17,78890,-45360,-40040,128.0
131117,622,127,77,81970,-46760,-37590,131.0
131132,615,149,49,84700,-51520,-31080,129.0
131147,672,154,74,85120,-53550,-23660,132.0
131162,786,134,72,88410,-58520,-19880,132.0
131172,860,116,49,91910,-60620,-16240,128.0
131187,911,94,30,102130,-62720,-10150,129.0
131202,936,71,-79,109130,-61950,-7350,129.0
131212,904,64,-82,115640,-59990,-5040,128.0
131227,879,71,-101,123830,-55300,-2030,128.0
131242,816,85,-86,126000,-52500,-700,128.0
131252,798,-39,-151,126980,-49840,-140,127.0
131267,839,62,-48,120050,-41790,-3080,122.0
131282,924,114,-130,115640,-35140,-4270,122.0
131292,965,86,-128,110600,-30590,-5040,122.0
131307,993,80,-133,99750,-26040,-6650,119.0
131322,1010,120,-155,87990,-15960,-8890,119.0
131335,1014,177,-119,80850,-10570,-9730,119.0
131350,1140,211,-177,71050,-7280,-8120,110.0
131365,1179,-1218,1775,102270,62720,63000,111.0
131380,1049,550,-611,99890,46690,31780,111.0
131390,426,558,319,135310,63490,46130,109.0
131405,553,-386,-269,117530,45290,44380,109.0
131420,431,-408,-905,110390,42980,30170,109.0
131430,1321,-110,25,122150,47110,30170,105.0
131445,1262,-171,64,100030,45850,29190,106.0
131460,742,350,-549,55440,41650,28280,106.0
131470,1005,-155,-495,23520,37800,27370,106.0
131485,1086,-196,-357,-35280,31570,25340,106.0
131500,920,9,-502,-65240,28000,24430,106.0
131510,950,-47,-358,-89880,24850,23240,105.0
131525,1003,-69,-278,-130410,18830,21700,105.0
131540,955,21,-193,-145810,16100,21350,105.0
131550,981,-15,-105,-157150,12670,21770,104.0
131565,1012,-62,-15,-165690,6020,21490,105.0
131580,1013,-125,-1,-162890,2520,18200,105.0
131594,1036,-175,-105,-141540,2870,15540,104.0
131609,1000,-110,-134,-125860,7280,9730,106.0
131624,1013,-160,-244,-91140,10920,7420,104.0
131639,1016,-37,-162,-55790,17990,3500,104.0
131649,991,31,-154,-41580,20580,2590,105.0
131664,985,67,-117,-28700,22750,2170,106.0
131679,987,156,-75,-7350,25480,2380,106.0
131689,972,180,-54,560,25970,3360,106.0
131704,981,135,-60,7140,25690,5250,101.0
131719,973,190,-82,16450,25340,6580,104.0
131734,973,211,-48,18060,23520,9940,104.0
131744,957,228,-90,14700,22330,11690,101.0
131765,973,193,-84,7420,19530,14560,103.0
131780,991,128,-118,3780,18270,15540,104.0
131795,1006,88,-101,-1680,16800,16870,104.0
131805,1000,88,-123,-3500,16310,17080,103.0
131820,1003,62,-79,-4760,15680,16940,100.0
131835,1016,1,-16,-6790,14630,16100,100.0
131848,1011,13,20,-7350,13300,14420,102.0
131863,1023,-25,9,-5180,10570,13440,102.0
131878,1027,-35,30,-1680,9030,10920,104.0
131893,1015,-2,18,6860,8400,9730,104.0
131903,1020,-10,71,10640,7560,8680,102.0
131918,1030,-14,51,14560,4690,7210,101.0
131933,989,111,-26,14560,3430,7140,101.0
131943,1002,79,-48,12950,2310,7420,102.0
131958,1001,118,-52,8470,350,8610,103.0
131973,994,122,-56,5390,-560,10850,103.0
131983,985,151,-31,2730,-2520,12250,101.0
131998,1024,55,-66,700,-2870,13930,101.0
132013,1042,34,-34,3710,-2520,16310,101.0
132023,1044,-35,-120,2520,-2030,16380,100.0
132038,1036,-69,-144,2520,-770,15610,103.0
132053,1032,-111,-186,2380,1680,11200,103.0
132063,1021,-107,-166,2450,3150,8120,101.0
132078,1024,-95,-182,2170,4760,2100,99.0
132093,1020,-53,-218,1960,8680,-280,99.0
132108,1021,-35,-229,1680,13370,-3220,102.0
132123,1026,7,-241,1120,16170,-3850,98.0
132138,1023,24,-260,70,21840,-3360,102.0
132153,1013,82,-260,-420,25060,-2520,103.0
132168,1011,99,38,-840,31150,140,103.0
132178,1076,200,264,-1260,33040,2030,102.0
132193,1048,25,-46,-350,31780,3850,100.0
132208,1049,78,174,-420,28210,5670,100.0
132218,1078,179,-61,-770,24220,5600,101.0
132233,1109,162,-70,-5530,20160,5950,104.0
132248,949,-39,146,4480,20090,5530,104.0
132258,960,131,95,4550,18550,4130,101.0
132273,1013,-7,8,70,17500,1960,100.0
132288,1051,74,-33,2800,17990,2030,100.0
132298,1053,150,-100,2170,18690,2240,102.0
132313,1075,180,-120,-770,22260,5740,106.0
132328,1065,203,-124,-910,24430,10850,106.0
132338,1079,251,-161,-1470,27300,13510,100.0
132353,1160,164,-219,-5530,34580,16240,104.0
132372,1241,647,-43,-11270,43680,20720,107.0
132387,1234,1009,41,-34020,53690,20790,107.0
132397,1215,667,-124,-84140,59150,21980,107.0
132412,1074,436,74,-99400,62230,23380,111.0
132427,1052,353,95,-113120,64680,31570,111.0
132437,1044,291,110,-109830,64330,37380,112.0
132452,1018,119,180,-104440,63280,44310,116.0
132467,795,156,393,-99120,53060,54810,116.0
132477,678,154,390,-93310,46480,59850,117.0
132492,1074,-76,266,-90930,35210,65940,121.0
132507,856,144,215,-84000,26600,67340,121.0
132517,854,92,210,-80500,20230,67480,118.0
132532,874,-52,128,-70770,9240,63420,124.0
132547,1001,58,154,-64960,5180,61180,124.0
132557,1005,-96,67,-56560,1400,59780,126.0
132572,1030,-149,30,-26250,-2800,53900,127.0
132587,1094,-211,100,-3500,-3570,46830,132.0
132602,1123,-237,116,45990,-6440,42840,132.0
132612,1108,-236,127,67620,-8120,38640,132.0
132629,1089,-162,119,95900,-11970,30030,129.0
132644,1002,-92,91,101430,-13860,25760,129.0
132654,974,-15,93,102830,-15470,21770,132.0
132669,949,-150,-70,99610,-15820,13370,128.0
132684,907,-59,130,95060,-16310,2520,128.0
132694,957,-64,-58,88690,-15050,-2170,126.0
132709,931,-65,-9,75320,-13930,-6860,130.0
132724,912,-63,-67,60620,-11340,-16940,133.0
132739,874,-59,-29,53340,-10080,-21910,133.0
132749,854,-53,0,46060,-8960,-26950,135.0
132770,831,68,29,30450,-8680,-39830,136.0
132785,844,57,87,8610,-12670,-44030,135.0
132800,814,61,148,-3920,-16940,-51520,135.0
132810,839,79,100,-28840,-18900,-54880,131.0
132825,862,81,123,-40670,-21000,-58170,130.0
132840,887,78,126,-60900,-24570,-63840,130.0
132850,924,54,132,-67900,-26320,-66430,126.0
132865,980,60,133,-72590,-28070,-68460,126.0
132882,1050,85,136,-75880,-31570,-71050,128.0
132897,1070,64,155,-76720,-34930,-72310,128.0
132907,1101,75,143,-77000,-36330,-73010,125.0
132922,1142,39,106,-76300,-37590,-74340,123.0
132937,1148,17,57,-69510,-38220,-75180,123.0
132947,1169,-18,52,-63000,-37590,-75180,125.0
132962,1196,-17,85,-55020,-36820,-75320,122.0
132977,1213,-24,42,-34160,-35140,-74970,122.0
132987,1204,-36,24,-22400,-34090,-74410,121.0
133002,1192,-24,20,490,-31710,-72800,121.0
133017,1182,14,38,10220,-30940,-71750,121.0
133027,1168,38,60,18270,-30380,-70490,125.0
133042,1164,82,115,27580,-31360,-67200,124.0
133057,1118,130,129,29610,-32830,-64960,124.0
133067,1072,134,146,30870,-34720,-59710,129.0
133082,959,134,134,32130,-40040,-57120,126.0
133097,890,151,147,32340,-44660,-51520,126.0
133107,858,161,103,32410,-46270,-48160,131.0
133122,783,136,108,32970,-47810,-44940,128.0
133141,772,117,75,34020,-50750,-39340,130.0
133156,797,140,55,36610,-52080,-34020,130.0
133166,812,72,67,39690,-52360,-31640,130.0
133181,877,112,8,44310,-51100,-28420,134.0
133196,878,126,-9,54670,-49070,-21560,131.0
133211,797,134,9,58380,-47740,-18340,131.0
133221,735,157,4,60200,-46760,-12740,132.0
133236,679,195,28,60340,-44940,-9660,130.0
133251,694,80,-106,58730,-40670,-6020,130.0
133261,656,257,70,52780,-40320,-4130,130.0
133276,718,226,-51,48720,-38920,-3010,128.0
133291,704,245,-44,38010,-32830,-140,128.0
133301,751,242,24,31010,-30030,420,122.0
133316,900,191,45,22750,-28140,-630,120.0
133331,958,194,2,3570,-23450,-3500,120.0
133341,1007,1157,-905,3920,-27860,-6580,117.0
133356,987,-1566,1405,29540,36260,76300,114.0
133371,705,1331,-1048,72730,23940,58730,114.0
133381,-30,1081,98,109550,47390,73990,112.0
133400,393,309,299,100800,35490,59920,111.0
133415,150,350,52,63210,37450,40460,109.0
133430,1719,-1337,-423,112070,36190,45010,109.0
133440,1361,-958,962,127120,46830,45710,107.0
133455,787,581,-706,113820,44100,35840,108.0
133470,1064,-245,7,96460,44590,33530,108.0
133480,1374,-710,-250,76580,41720,27090,106.0
133495,857,240,-514,34300,38640,23520,104.0
133510,984,50,-322,7630,33740,18970,104.0
133520,1100,-193,-142,-18340,30730,16660,105.0
133535,959,103,-278,-60410,28840,14350,105.0
133550,990,22,-144,-92260,23940,11620,105.0
133560,1035,-54,-71,-103250,21350,10710,103.0
133575,987,77,-36,-111580,18690,10010,107.0
133590,998,2,50,-120400,14560,9030,107.0
133600,1019,10,76,-119910,12950,8960,103.0
133615,996,36,77,-117530,11550,8890,104.0
133630,1012,18,132,-107940,9030,8680,109.0
133645,1011,27,116,-101080,7210,8330,109.0
133658,988,36,102,-86730,6510,8120,106.0
133673,1001,43,96,-78400,5950,8260,103.0
133688,994,71,54,-62020,6160,8400,103.0
133698,985,78,66,-53970,6510,8750,105.0
133713,995,77,122,-38080,6300,9730,106.0
133728,1009,109,119,-29680,6020,10570,106.0
133738,1019,138,188,-18480,6020,11480,103.0
133753,964,80,118,11550,7140,14420,103.0
133774,993,232,-74,9170,5180,16800,104.0
133789,999,170,-82,-1680,3220,18620,105.0
133804,1039,-27,61,140,3780,19390,105.0
133814,988,113,-10,6090,4760,19950,101.0
133829,1008,149,-135,-210,4620,20160,100.0
133844,1027,-1,50,-1120,4690,20090,100.0
133854,1017,8,23,1120,4900,19950,103.0
133869,1022,36,-20,910,4690,19180,104.0
133884,1013,49,0,420,4760,19180,104.0
133894,1030,24,38,770,4900,19320,102.0
133909,1058,-75,19,1050,4620,18900,103.0
133928,1022,-54,80,1470,3640,17570,102.0
133943,1034,-61,47,1260,1260,15400,102.0
133953,1017,-40,65,1190,0,14350,101.0
133968,1002,-31,63,1260,-1540,13300,103.0
133983,1005,0,99,1750,-3710,11970,103.0
133993,996,-34,84,1680,-5180,11200,100.0
134008,1019,33,77,2170,-6580,10640,100.0
134023,1021,14,9,1750,-8190,11130,100.0
134033,1031,75,29,2520,-8750,11620,102.0
134048,1037,3,-10,2450,-9310,12670,103.0
134063,1037,44,-30,4060,-8820,12880,103.0
134073,1036,30,-13,4060,-8260,13020,101.0
134088,1044,9,-80,1960,-5950,12810,101.0
134103,1060,46,-79,1890,-4550,12810,101.0
134113,1062,84,-68,770,-3150,13090,104.0
134128,1054,76,-41,280,-910,15260,102.0
134143,1041,74,-52,140,70,18200,99.0
134158,1085,97,-117,-420,2940,19530,99.0
134168,1090,99,-123,-630,4690,20860,102.0
134185,1094,84,-162,-4620,8750,22750,101.0
134200,1151,237,-146,-11480,11900,22890,101.0
134210,1157,168,-219,-18410,15050,24220,103.0
134225,1121,36,-254,-25480,23100,25270,104.0
134240,1145,15,-309,-24990,31220,28350,104.0
134250,1168,42,-336,-23520,35700,30100,105.0
134265,1156,149,-234,-21490,40180,31780,111.0
134280,1139,282,-129,-32200,48090,34230,111.0
134290,1140,303,0,-43190,51730,35700,111.0
134305,1061,334,95,-52990,54320,37310,114.0
134320,1000,305,205,-76860,56210,40320,114.0
134330,1016,196,259,-86240,55510,41020,113.0
134345,876,260,388,-96250,51450,40320,114.0
134360,1180,401,212,-95620,39760,38710,114.0
134370,1318,220,266,-86380,33740,37380,119.0
134385,1244,173,296,-42280,22750,33180,121.0
134400,1216,-96,135,-3220,21770,33810,123.0
134415,1162,200,118,61180,18200,28980,123.0
134425,1096,337,149,76650,16030,28420,127.0
134444,846,258,229,75810,14560,20790,128.0
134459,1093,309,105,68670,10640,18410,133.0
134474,840,391,-88,53200,9870,13230,133.0
134484,775,280,-9,43190,11270,11410,133.0
134499,791,255,-79,33040,13090,5460,132.0
134514,808,148,80,10500,12810,1820,132.0
134524,844,130,129,-910,11060,-2590,134.0
134539,881,72,292,-22470,2310,-12460,136.0
134554,937,-36,390,-28490,-4480,-17570,136.0
134564,934,-115,340,-30030,-12110,-22680,131.0
134579,913,-177,293,-24290,-25200,-34160,130.0
134594,849,-207,241,-19110,-30730,-46200,130.0
134604,854,-236,186,-12670,-35070,-51730,133.0
134619,896,-257,82,3500,-39270,-57330,132.0
134634,923,-212,40,11690,-39480,-67200,132.0
134644,935,-190,32,23660,-38850,-71540,130.0
134659,921,-106,-6,26880,-38010,-75110,132.0
134674,954,-78,-59,28210,-34440,-80290,132.0
134684,977,-32,-82,27580,-31990,-82110,128.0
134703,917,-120,-51,24010,-26110,-87430,126.0
134718,893,-36,-88,21420,-23450,-90790,125.0
134733,857,-23,-87,16030,-19810,-94010,125.0
134743,926,218,-13,11830,-17010,-94150,122.0
134758,1004,30,70,5740,-15260,-91980,124.0
134777,1136,98,59,-4970,-13930,-88060,124.0
134792,1275,154,10,-13930,-12110,-85330,124.0
134802,1315,168,55,-17710,-10710,-82390,121.0
134817,1361,182,50,-25550,-9240,-76090,120.0
134832,1371,180,131,-29820,-9660,-72800,120.0
134842,1377,188,158,-34440,-10710,-69790,121.0
134857,1373,187,218,-43400,-15400,-63700,123.0
134872,1320,145,222,-46970,-18410,-61110,126.0
134887,1307,97,158,-50470,-24220,-56560,126.0
134897,1303,171,235,-50120,-26460,-54460,124.0
134912,1285,93,148,-48230,-31290,-49350,130.0
134927,1144,84,144,-43120,-33810,-47880,130.0
134937,1086,108,143,-41440,-35630,-46550,131.0
134954,1047,121,63,-38640,-38290,-43120,138.0
134969,982,62,62,-37380,-38220,-40320,138.0
134979,992,111,19,-33530,-36400,-37590,138.0
134994,861,73,0,-13370,-33460,-34510,141.0
135009,822,21,-67,10220,-28840,-29820,141.0
135019,757,83,-24,21700,-26670,-27370,147.0
135034,605,105,-17,31150,-24780,-25130,146.0
135049,549,162,39,41300,-22750,-20370,143.0
135064,464,229,73,43260,-22750,-17360,143.0
135074,439,218,80,44100,-23380,-14280,151.0
135089,356,273,121,41160,-22750,-11060,146.0
135104,361,187,119,38290,-25550,-7560,146.0
135114,371,218,38,36400,-25620,-5740,149.0
135129,424,192,68,34300,-25900,-3780,145.0
135144,457,179,63,37870,-25900,0,145.0
135154,522,165,47,40950,-25270,1610,143.0
135169,685,146,89,44660,-24920,3010,138.0
135184,786,190,87,51310,-25200,6510,136.0
135199,1001,233,93,52360,-24710,10570,136.0
135214,1137,247,73,50400,-23100,13020,129.0
135229,1156,236,82,48230,-19950,16590,123.0
135244,1749,1399,-1008,47460,-25760,13230,117.0
135259,475,-1509,768,79520,9100,85120,117.0
135269,1591,269,-558,105210,7980,71960,117.0
135284,113,302,643,124460,30450,90160,119.0
135299,270,-9,400,116550,19320,76370,119.0
135309,141,70,132,101150,21210,66640,115.0
135324,1246,960,-1142,102410,17360,55720,114.0
135339,1403,-1392,611,154000,29260,58940,114.0
135349,742,841,-821,164010,28840,54110,113.0
135364,570,732,-652,162470,38220,46550,112.0
135379,1356,-499,-84,150990,42210,42350,112.0
135389,1100,-49,-397,143150,44520,39200,111.0
135404,887,214,-376,105490,44800,33180,109.0
135419,1049,-9,-283,75810,42350,30870,109.0
135429,1035,42,-363,42910,38150,28700,108.0
135444,979,197,-198,-26810,27300,26600,107.0
135459,963,171,-137,-57750,21210,26390,107.0
135475,996,56,17,-98350,10640,26320,108.0
135490,1008,21,50,-105210,5250,25340,109.0
135505,997,21,105,-99120,4200,24640,109.0
135520,1019,-31,55,-79240,3780,22680,108.0
135535,1029,-8,100,-67340,4270,20370,108.0
135545,1020,-6,63,-57540,4340,19390,106.0
135560,1003,67,108,-41860,3570,18620,107.0
135575,987,72,61,-37310,1330,17920,107.0
135585,992,88,54,-29960,420,17780,105.0
135600,1002,62,-2,-26180,-420,18130,102.0
135615,999,90,-14,-17360,-280,18690,102.0
135625,990,100,-56,-12880,210,19110,106.0
135640,1012,72,-96,-7770,1190,19530,105.0
135655,1017,68,-82,3850,4760,20370,105.0
135665,1010,84,-81,8960,6370,20720,105.0
135680,1001,72,-109,13160,9240,21210,103.0
135695,1027,30,-78,19600,10500,21350,103.0
135705,1024,27,-93,21700,11620,21420,104.0
135720,1017,25,-81,25060,13580,21070,103.0
135739,1008,48,-23,24150,13650,20860,102.0
135754,999,53,0,21980,13020,20720,102.0
135764,991,80,25,18830,11970,20860,103.0
135791,1210,-246,218,7840,8120,23030,103.0
135806,1028,62,-2,3710,4550,22540,103.0
135821,1071,-224,117,2450,3850,22260,102.0
135836,1019,43,140,1120,140,18900,102.0
135851,1013,-79,-3,2170,-1190,17710,102.0
135861,1022,19,62,3780,-2520,16450,102.0
135876,1033,-11,9,910,-4130,16380,100.0
135891,989,-65,32,1750,-4970,16590,100.0
135901,1006,7,37,2800,-6720,16870,102.0
135916,1035,66,-26,1890,-7140,17780,105.0
135931,1037,58,-65,2310,-6300,20440,105.0
135941,1048,76,-77,2380,-5180,21980,103.0
135956,1063,96,-119,1680,-3360,23730,103.0
135971,1057,71,-127,1400,210,26880,103.0
135986,1057,63,-118,980,2030,28210,106.0
136001,1057,41,-96,0,5110,30940,104.0
136016,1043,19,-75,-210,6230,33180,105.0
136031,1031,-5,-34,-490,7770,34090,105.0
136041,1032,-9,-22,-700,8050,34930,104.0
136056,1032,42,-28,-6230,8330,35420,107.0
136071,1057,94,-37,-12110,9170,35560,107.0
136081,1071,241,93,-21770,10640,34230,107.0
136096,1004,81,-80,-50400,15540,31430,108.0
136111,1082,99,-14,-64400,19600,29750,108.0
136121,1109,100,-226,-75110,22890,28280,107.0
136136,1119,24,-262,-93590,32060,28280,108.0
136151,1091,10,-180,-101010,40670,27930,112.0
136166,1097,102,-175,-112700,42770,27720,112.0
136176,1090,136,-136,-116760,45150,28140,114.0
136191,1087,52,-99,-128940,48090,29190,114.0
136206,1064,-178,48,-133490,48930,30800,114.0
136216,1013,-138,-56,-132300,49280,32130,116.0
136231,1096,-149,170,-71120,51240,31220,121.0
136250,1261,75,209,50680,51660,27580,122.0
136265,1320,190,177,90510,49700,23310,122.0
136275,916,679,-20,113960,47880,21350,119.0
136290,1576,573,494,112700,38850,14700,123.0
136305,1287,496,-92,102970,34160,8330,123.0
136315,1150,434,201,74480,30240,4270,127.0
136330,1091,468,33,57610,26740,1400,129.0
136345,1018,504,67,22820,22330,-4620,129.0
136355,953,501,102,6370,19740,-6790,134.0
136370,894,437,84,-8750,17360,-8960,136.0
136385,864,287,24,-27020,14700,-11550,136.0
136395,747,264,99,-30030,14000,-12670,138.0
136410,730,155,51,-29820,11200,-15190,139.0
136425,747,57,128,-24780,9030,-17360,139.0
136435,795,3,199,-21350,6440,-19950,139.0
136450,840,-40,284,-13510,-2590,-26880,138.0
136465,901,-133,341,-8960,-8470,-31360,138.0
136475,908,-194,331,-4340,-14910,-36330,136.0
136490,891,-166,269,6160,-26670,-47250,140.0
136507,861,-255,226,17640,-35350,-59570,134.0
136522,861,-230,166,22260,-38570,-66010,134.0
136532,870,-177,129,25900,-41160,-71610,132.0
136547,866,-137,12,29820,-43470,-79590,130.0
136562,883,-68,-21,30030,-42770,-82180,130.0
136572,968,-65,-49,29610,-41090,-84350,131.0
136587,874,-94,-96,28070,-34650,-88410,131.0
136602,873,5,-119,27370,-26950,-90580,131.0
136612,907,4,-212,27370,-21630,-89880,130.0
136627,1019,12,-63,28630,-17570,-89600,128.0
136642,1058,5,-32,30380,-12390,-88340,128.0
136652,1105,-15,-5,31010,-11060,-88060,122.0
136667,1192,70,1,31500,-10010,-87430,122.0
136682,1225,53,-10,31990,-7770,-83230,122.0
136692,1262,129,71,28700,-6510,-80220,125.0
136707,1281,150,144,23030,-6790,-75810,125.0
136722,1249,194,210,5600,-10220,-74200,126.0
136737,1243,149,206,-5110,-16660,-70770,126.0
136747,1233,156,261,-25620,-20650,-68950,125.0
136766,1244,143,228,-37170,-27930,-64400,129.0
136787,1219,68,165,-37940,-34580,-60270,132.0
136802,1151,98,127,-34090,-36890,-55720,135.0
136817,1114,81,132,-24290,-40390,-49280,135.0
136827,1073,139,11,-19390,-41860,-45990,134.0
136842,1075,72,2,-14070,-39970,-38850,141.0
136857,996,44,-169,5670,-38360,-35280,141.0
136867,906,65,-138,19740,-34230,-30800,141.0
136882,824,11,-133,45220,-27160,-22960,143.0
136897,691,117,-77,53900,-25620,-19460,143.0
136907,642,144,-68,58870,-24080,-15820,140.0
136922,594,195,109,62860,-24640,-8330,141.0
136937,603,203,85,63140,-27090,-1750,141.0
136947,602,190,119,62720,-29470,840,138.0
136962,654,214,132,63630,-35560,3500,137.0
136977,687,180,103,65590,-40740,8120,135.0
136992,710,217,37,73150,-42000,10360,135.0
137002,719,182,27,78400,-42490,12600,136.0
137021,737,130,-48,89460,-41090,14000,134.0
137036,744,229,6,89880,-38150,12740,131.0
137051,859,258,3,84350,-36610,11760,131.0
137061,944,312,-59,75740,-34720,10500,127.0
137076,1013,269,85,50120,-27650,7700,126.0
137091,1202,354,-19,35490,-26040,4200,126.0
137101,1240,333,-50,20720,-22540,2590,122.0
137116,1226,390,22,-11550,-15400,140,120.0
137131,1214,354,-30,-44100,-12950,-3430,120.0
137141,1786,975,-713,15050,13440,47740,118.0
137156,1393,407,564,79660,19600,63070,117.0
137171,707,1187,258,88270,30940,63140,117.0
137181,216,712,184,75180,27370,59920,115.0
137196,692,968,-1105,60270,19740,43400,116.0
137211,1346,-1051,184,66010,26810,43400,116.0
137221,1151,211,-202,67690,28280,43750,114.0
137236,731,610,-802,56700,32970,43610,112.0
137251,1058,38,-397,33180,35420,41020,112.0
137261,1111,-119,-377,17640,37030,40110,113.0
137280,924,204,-434,-14630,38010,36610,111.0
137295,955,130,-327,-48720,35770,33880,110.0
137310,972,167,-173,-64260,33600,33110,110.0
137320,957,211,-95,-78960,30310,32550,112.0
137335,960,180,1,-103040,21630,32130,109.0
137350,981,91,67,-110250,17780,31640,111.0
137365,981,30,97,-113820,11480,30380,111.0
137375,1007,-10,98,-109270,9660,29190,110.0
137390,1022,18,107,-101220,8470,26880,111.0
137405,989,55,-28,-81410,9660,25690,111.0
137415,987,76,-33,-70280,11550,24710,106.0
137430,1010,22,-77,-47600,16660,23170,107.0
137445,1007,73,-69,-38710,18550,22680,107.0
137455,998,82,-43,-31640,20370,22260,109.0
137470,996,121,15,-21840,21350,22260,109.0
137485,978,124,55,-16590,21630,22330,109.0
137495,1009,118,66,-11410,22260,22190,105.0
137510,1065,-20,16,2100,22120,22470,108.0
137525,1032,124,104,2870,20440,21700,108.0
137538,1044,106,-12,-2380,18340,21140,105.0
137553,918,159,160,-3780,15260,20230,105.0
137568,1034,88,27,-7350,14070,20090,105.0
137583,982,274,24,-26810,8330,15680,105.0
137593,960,220,73,-36260,5180,13790,106.0
137608,990,46,129,-40460,2380,12530,106.0
137623,977,-48,194,-31710,-210,13440,106.0
137633,985,-139,232,-21910,-700,14770,104.0
137648,958,-114,273,-11270,-1540,16310,102.0
137663,993,-73,180,5810,-4130,16660,102.0
137673,1010,50,103,10080,-5740,16450,104.0
137688,1016,177,-13,2100,-9380,14420,104.0
137703,1016,37,50,-4760,-10640,13510,104.0
137713,1009,-16,108,-4340,-10920,13510,105.0
137728,991,63,-15,2170,-11340,14630,102.0
137743,1008,170,-24,1120,-11410,15330,102.0
137753,1013,133,-31,-280,-11340,16450,104.0
137768,1016,165,-63,2380,-9380,19810,104.0
137787,1009,128,-45,1960,-7280,23030,105.0
137807,1066,55,18,2590,-5250,26250,101.0
137822,1073,9,-93,140,-3780,28070,101.0
137832,1072,-73,132,1050,-4200,27720,102.0
137847,1054,-13,3,1610,-4060,26670,102.0
137862,1062,-218,6,2170,-4130,22890,102.0
137872,1059,-79,-41,1190,-3640,20160,100.0
137887,1058,-43,-100,-700,-2730,17360,102.0
137902,1093,-100,-157,560,1260,13510,102.0
137912,1093,-29,-124,1820,3360,12460,102.0
137927,1060,43,-42,-1190,5600,9870,100.0
137942,1147,375,-107,-14140,10570,8890,100.0
137952,1132,459,64,-30800,14980,7490,103.0
137967,1104,288,-101,-63910,22680,6230,103.0
137982,1107,117,-184,-70210,25410,7070,103.0
137997,1109,57,-200,-65100,29260,11690,103.0
138007,1095,33,-190,-57820,30240,14840,106.0
138022,1062,95,-15,-51310,30940,17360,106.0
138037,1067,252,96,-51380,33180,22610,106.0
138052,1016,347,160,-57260,33740,26530,107.0
138067,1021,253,143,-73640,33740,28350,106.0
138082,979,311,224,-84910,32620,32130,108.0
138097,936,204,313,-93800,31290,34090,108.0
138107,941,268,323,-101570,29400,35490,113.0
138122,919,276,275,-116270,23590,37940,111.0
138137,930,65,237,-116900,20930,42070,111.0
138147,899,-139,123,-111580,16870,48510,114.0
138162,834,-309,76,-87780,8120,52500,114.0
138177,892,-421,30,-74130,-420,61880,114.0
138187,966,-300,-59,-56280,-3990,67550,116.0
138202,1011,-267,-108,-15120,-7000,73290,117.0
138217,965,-283,-19,19950,-11900,83790,117.0
138227,956,-202,61,31990,-14140,88130,118.0
138242,976,-54,123,40670,-16100,91910,118.0
138257,992,-154,119,48720,-17850,96810,118.0
138267,963,-255,202,49140,-18270,97090,120.0
138282,817,-341,261,48790,-19040,94150,119.0
138297,794,-463,271,47040,-21630,91070,119.0
138310,769,-595,303,45080,-23380,87220,122.0
138325,751,-639,261,42420,-26810,77840,123.0
138340,800,-646,197,41440,-29260,67340,125.0
138355,835,-627,123,38430,-29610,62020,125.0
138365,818,-580,108,35350,-29190,57120,126.0
138380,826,-589,70,23940,-26180,48860,128.0
138395,924,-453,28,18200,-24570,45080,128.0
138405,978,-397,14,12250,-22400,41790,126.0
138420,997,-374,-35,1330,-17360,36540,126.0
138435,1009,-344,-84,-4060,-14210,34790,126.0
138445,1012,-320,-149,-9380,-10570,32340,130.0
138460,1041,-358,-193,-21140,-1330,31640,128.0
138475,1069,-354,-192,-25900,8330,29750,129.0
138490,1199,-410,-172,-32340,12600,28490,129.0
138500,1219,-202,-133,-19180,16870,25760,131.0
138515,1219,-245,-52,37100,27440,21350,130.0
138530,1633,-505,-348,8330,25270,19740,130.0
138540,1456,17,220,-42840,29470,14630,133.0
138555,1278,0,-206,-38010,28490,7210,133.0
138574,1238,-55,116,-32410,32410,-1330,134.0
138589,1265,-43,125,-31990,33250,-11550,134.0
138599,1238,-34,263,-32130,32410,-17150,135.0
138614,1243,-104,302,-34300,24850,-23800,136.0
138629,1231,-85,312,-35560,15820,-37450,136.0
138639,1199,-84,236,-36190,12110,-43820,138.0
138654,1120,-102,233,-34650,8330,-50120,139.0
138669,1060,-115,203,-27230,2800,-62370,139.0
138679,1013,-122,169,-22260,280,-68390,139.0
138694,964,-69,161,-16520,-1680,-73780,136.0
138709,973,-85,96,-1400,-3850,-82250,136.0
138719,964,-88,67,6720,-4200,-86170,134.0
138734,943,-50,59,14490,-4130,-93030,136.0
138749,895,8,57,25690,-4270,-95760,137.0
138764,874,12,69,30520,-4970,-100240,137.0
138774,853,-1,60,31150,-5320,-102690,137.0
138795,831,36,113,31290,-8050,-105980,131.0
138810,838,76,106,31500,-10150,-107730,134.0
138829,816,101,129,30380,-14980,-108430,134.0
138844,824,90,132,30520,-20440,-108080,134.0
138854,824,71,120,31920,-22750,-107380,130.0
138869,822,71,118,34090,-26460,-105630,133.0
138884,833,66,60,41790,-27650,-104090,133.0
138894,839,30,54,47530,-28280,-102480,130.0
138909,842,12,9,62860,-29190,-99470,129.0
138924,857,19,15,71190,-29050,-97720,129.0
138934,874,30,8,79310,-29120,-95690,125.0
138949,896,32,1,92820,-28490,-91350,122.0
138964,948,37,-2,98070,-28350,-87150,122.0
138974,961,40,19,102060,-28420,-85120,122.0
138989,1064,39,-13,107100,-28630,-83160,118.0
139004,1062,0,38,110670,-28420,-79870,118.0
139014,1069,31,33,111790,-28490,-77840,117.0
139029,1039,34,31,111440,-27650,-75530,114.0
139044,1039,46,24,109760,-28070,-71890,115.0
139059,988,143,20,108430,-27720,-70070,115.0
139069,961,-18,65,105350,-27510,-65940,112.0
139086,954,49,44,94780,-28000,-64260,115.0
139101,1625,921,727,99960,3010,-10780,115.0
139111,1239,-1630,269,147630,-17920,-7630,110.0
139126,-158,-419,38,134890,13230,4060,114.0
139141,776,-768,851,110670,19180,25340,114.0
139151,1431,-1230,841,100100,27230,39410,111.0
139166,958,-203,-233,86870,31850,50610,110.0
139181,1437,6,-15,58800,29120,56630,110.0
139191,956,241,-367,43260,26110,57260,110.0
139206,839,350,-288,-2450,17780,54810,110.0
139221,957,135,-182,-26250,12110,54460,110.0
139231,955,142,-156,-47670,7910,53900,108.0
139246,1026,127,-30,-84140,-420,52080,108.0
139261,1062,-44,40,-95340,-2870,48860,107.0
139276,1034,-160,-55,-94640,-4900,45640,107.0
139286,1050,-169,-19,-83020,-3500,42000,106.0
139301,1045,-158,-46,-69160,3220,34650,106.0
139316,1040,-177,-100,-35140,7210,30870,106.0
139326,1042,-162,-89,-16660,11130,27370,106.0
139345,1050,-99,-55,10360,16940,21420,106.0
139360,1026,-43,-46,21210,19320,17150,106.0
139375,1026,-3,-37,21420,19460,15400,106.0
139385,1017,2,-18,18900,18970,13860,105.0
139400,1019,30,-30,9030,16730,11060,103.0
139415,1015,12,-12,3150,15540,8400,103.0
139425,1022,12,-31,-2100,14420,7420,100.0
139440,1022,78,-64,-8960,14000,7000,102.0
139455,1028,73,-17,-10080,14560,6650,102.0
139465,1011,39,-4,-8260,14700,6160,103.0
139480,1032,9,184,-6020,13860,5670,107.0
139495,1035,40,190,-420,10570,5600,107.0
139505,1010,180,156,-1750,7560,6090,107.0
139520,967,65,157,-1820,5040,6720,105.0
139535,953,125,158,-210,490,7560,105.0
139545,963,94,130,700,-1610,8330,103.0
139560,981,69,85,1050,-4480,8400,102.0
139575,1034,48,-68,1540,-4550,8190,102.0
139585,1034,27,-82,420,-3570,7770,101.0
139604,1079,-104,-75,-1050,-840,5040,103.0
139619,1064,-86,-42,-70,1400,1120,103.0
139634,1046,-36,10,910,1680,-490,103.0
139644,1031,31,11,2030,1890,-1400,103.0
139659,1011,132,33,1820,1400,-980,101.0
139674,994,174,17,2240,1050,2170,101.0
139684,987,218,8,2380,770,4410,102.0
139699,982,220,18,1610,490,6720,102.0
139714,971,237,27,1400,-70,11550,102.0
139724,973,224,25,630,-420,13860,104.0
139739,985,176,34,420,-770,15960,105.0
139754,973,187,37,560,-1890,19530,101.0
139769,997,130,24,630,-2240,21140,101.0
139779,1086,-84,120,-420,-2520,22680,103.0
139798,1030,107,-24,770,-2240,22470,100.0
139813,1057,-117,-68,-1960,-560,19390,100.0
139823,1076,-61,-39,-1260,840,17430,100.0
139838,1049,-70,-88,-1820,2030,12740,102.0
139855,1077,-97,-107,-3360,5250,10290,103.0
139870,1105,-52,-174,-4620,9310,5810,103.0
139880,1107,-186,-196,-1890,11550,4760,102.0
139895,1061,-30,-103,1260,13860,2240,99.0
139910,1075,-11,-128,-630,17920,1330,99.0
139920,1073,2,-128,-210,20020,1120,103.0
139935,1085,77,-122,350,24500,2100,105.0
139950,1084,152,-80,-1610,26740,3290,105.0
139960,1078,211,-39,-3710,28910,4760,106.0
139975,1077,289,54,-12320,32480,8750,106.0
139990,1106,530,119,-19810,33950,11130,106.0
140000,1024,880,391,-40530,37450,12320,107.0
140015,1097,844,162,-108850,42280,9660,110.0
140030,1098,844,327,-138460,45570,11410,110.0
140040,1014,566,173,-164150,47950,14700,110.0
140055,1037,413,309,-192080,47880,18340,109.0
140070,1177,296,125,-202370,46480,24850,114.0
140085,863,440,406,-209370,40180,27510,114.0
140095,852,327,338,-217350,35770,31290,115.0
140114,988,150,-78,-210910,27300,42210,117.0
140129,1019,-278,-187,-179830,17990,51310,117.0
140144,863,-751,-256,-152530,13160,57120,117.0
140154,866,-742,-272,-119840,10010,68040,121.0
140169,928,-712,-178,-52570,1960,73500,120.0
140184,913,-573,-28,-21560,-6090,83580,120.0
140194,889,-465,58,6860,-10360,88270,123.0
140209,870,-391,190,50050,-14210,91700,121.0
140224,906,-292,213,71400,-19740,95270,121.0
140234,923,-221,247,75110,-21630,95480,124.0
140249,815,-225,404,74760,-23590,94290,125.0
140264,786,-334,554,64540,-27860,89390,125.0
140274,740,-315,532,56210,-30170,85540,127.0
140289,766,-325,510,46550,-32340,77140,126.0
140304,791,-363,368,27860,-35980,72730,126.0
140314,794,-443,283,19180,-36680,68320,126.0
140329,823,-457,231,2800,-35490,59500,128.0
140344,915,-378,109,-4340,-34300,55650,128.0
140354,943,-354,74,-10640,-32760,52430,126.0
140380,921,-397,34,-23800,-28070,45850,128.0
140395,930,-405,-8,-26250,-24780,43470,129.0
140410,974,-404,-110,-28840,-22540,42770,130.0
140425,998,-402,-165,-28280,-16870,42490,128.0
140440,1023,-409,-255,-27440,-13090,42700,128.0
140450,1038,-392,-272,-26390,-8820,43260,129.0
140465,1058,-384,-277,-24430,70,44590,131.0
140480,1067,-361,-238,-23800,4340,45080,131.0
140490,1037,-359,-177,-23660,8120,45430,129.0
140505,1018,-431,-52,-24430,13790,45290,132.0
140520,1013,-406,-11,-24080,16450,41650,132.0
140530,1048,-512,17,-21140,17220,37590,132.0
140545,1254,-359,86,26600,17710,31220,133.0
140560,772,371,59,-34790,11830,26460,133.0
140570,1748,-1461,329,-84280,13370,16100,133.0
140585,1405,-467,-258,-62300,2520,8470,134.0
140600,1194,65,-313,-8890,4900,840,134.0
140610,1311,-10,113,19320,9520,-8190,133.0
140629,1167,-134,-13,53270,8470,-20650,136.0
140644,1089,-130,247,60620,10360,-33530,135.0
140659,1036,-22,57,64190,7490,-39620,140.0
140674,1047,-192,169,62440,5880,-52500,140.0
140684,1093,-76,154,60690,4340,-59010,141.0
140699,964,-21,146,53200,4480,-64400,139.0
140714,961,-76,80,42910,2240,-74690,139.0
140724,957,-16,164,37170,1610,-79240,135.0
140739,984,13,116,31500,-350,-83370,136.0
140754,960,33,204,18900,-3710,-90440,136.0
140764,923,39,168,12460,-6510,-93520,140.0
140779,848,54,209,6300,-8960,-98280,139.0
140808,749,89,242,-9800,-22120,-101570,137.0
140823,750,111,181,-14070,-25830,-101430,140.0
140838,757,5,222,-13300,-31360,-101640,136.0
140853,844,40,214,-10850,-33950,-101430,131.0
140868,879,54,160,2800,-39200,-99260,131.0
140882,939,-16,175,13580,-41230,-97860,130.0
140897,972,-13,98,40180,-44660,-94780,129.0
140912,961,7,65,54670,-45640,-92750,126.0
140927,936,28,64,79450,-46900,-88620,126.0
140937,909,21,67,88480,-47670,-86590,124.0
140952,856,38,50,95340,-49560,-83230,122.0
140967,845,69,34,103110,-50260,-81410,122.0
140977,846,74,23,104860,-50750,-79660,121.0
140992,861,76,4,105770,-50680,-76020,119.0
141007,939,51,-17,105420,-50330,-74480,119.0
141017,1034,43,-32,105070,-49490,-73220,117.0
141032,1134,47,0,104510,-46690,-71050,111.0
141047,1239,5,13,104230,-45710,-70280,111.0
141057,1241,-7,22,103880,-44870,-70070,116.0
141072,1172,-31,14,102900,-43470,-70350,113.0
141087,1110,-38,-6,102480,-41440,-71260,113.0
141097,1044,-7,-41,99820,-39550,-71470,111.0
141112,893,64,5,96320,-37380,-71680,114.0
141127,852,2,-70,80640,-34300,-72520,114.0
141140,766,18,12,70910,-33390,-73080,114.0
141155,1366,480,-370,77000,-23590,-49910,110.0
141170,1144,-846,457,124250,-1680,-9100,111.0
141185,52,252,580,112910,1190,-17500,111.0
141195,996,-449,528,99400,13020,15470,113.0
141210,1425,-771,-49,114940,16520,29540,112.0
141225,1183,-609,-53,67970,33950,54810,112.0
141235,786,575,-648,59080,28770,52850,109.0
141250,643,816,-234,37800,21700,50750,111.0
141265,1126,-89,-88,-10710,14630,51660,111.0
141275,1027,35,-139,-31220,10920,51170,106.0
141290,988,96,-120,-65170,2380,48720,108.0
141305,1021,-120,-63,-72590,490,47390,108.0
141315,1076,-214,-20,-71540,-630,44520,105.0
141330,1037,-110,-186,-52640,2870,37660,105.0
141345,1024,-93,-199,-39970,6020,31430,105.0
141355,1027,-132,-209,-27020,9380,28420,105.0
141370,1022,-85,-259,-5670,16030,25690,106.0
141385,1026,-84,-261,700,21560,20720,106.0
141400,1033,-50,-210,4410,23380,18550,107.0
141415,1014,19,-208,-1820,25620,15960,106.0
141430,1004,39,-130,-6860,26040,15330,104.0
141445,1003,50,-54,-18410,24430,14980,108.0
141460,979,99,-10,-22470,23240,15820,108.0
141470,988,89,36,-24570,21700,16660,103.0
141485,1130,76,15,-21280,19040,17850,104.0
141500,507,270,-21,-14770,14980,19250,104.0
141510,1274,136,176,-2730,17080,22680,105.0
141525,944,169,151,5880,16240,24710,102.0
141540,942,164,13,21350,13720,27230,102.0
141550,977,86,125,26880,11690,28840,102.0
141565,1194,0,33,30660,9590,30380,102.0
141580,1090,34,120,-2940,3080,31710,102.0
141590,1055,97,86,630,1540,30450,101.0
141605,1141,-200,-269,11060,770,28770,102.0
141620,1024,-1,75,3010,2170,26530,102.0
141630,995,-113,-152,-560,1890,26110,103.0
141645,988,-244,-308,-6790,7980,21630,103.0
141664,996,-261,6,4410,7560,15400,101.0
141679,1048,-15,-107,6230,10150,15120,101.0
141689,1020,22,201,5530,11410,14910,104.0
141704,1032,57,49,-210,10080,16520,104.0
141719,1040,81,-48,2380,8610,18130,104.0
141729,1039,63,58,4130,8260,21910,103.0
141744,1027,30,41,1260,7280,23380,103.0
141759,1026,15,2,560,6720,25830,103.0
141769,1029,6,-1,1050,6650,26740,102.0
141784,1044,31,-30,-560,6650,27580,103.0
141805,1044,-13,-56,-980,7630,29890,108.0
141820,1038,0,-34,-1050,8470,31430,106.0
141835,1059,28,-27,-3360,9170,31640,106.0
141845,1054,7,-31,-7000,10010,31640,106.0
141860,1068,133,28,-16450,12460,30870,109.0
141875,1033,60,9,-36540,17360,28980,109.0
141885,1047,-20,-79,-44240,20580,27860,107.0
141900,1104,-28,-193,-49070,23590,27020,109.0
141917,1094,-81,-215,-54880,30240,26740,109.0
141927,1077,-107,-200,-55790,33390,26880,112.0
141942,1064,-105,-173,-56070,39060,26950,109.0
141957,1030,-28,-5,-57260,41230,26320,109.0
141967,1031,116,-23,-61320,42700,25130,114.0
141982,1060,136,204,-86310,45920,24570,112.0
141997,947,88,149,-95900,45990,24080,112.0
142007,961,37,136,-105490,46130,24640,115.0
142022,907,86,176,-120890,42350,23240,114.0
142037,936,157,144,-126630,40530,21840,117.0
142052,1121,-67,145,-138460,35560,21070,117.0
142062,1130,344,146,-128100,33320,20790,117.0
142077,1186,-138,64,-59500,31150,22120,122.0
142092,1255,82,178,-24500,28420,20580,122.0
142102,1228,107,245,5250,26250,20370,122.0
142117,1206,161,248,41650,19180,18410,125.0
142132,1102,315,115,49980,15750,18550,125.0
142142,996,155,331,53690,13720,15260,124.0
142157,1071,277,143,52850,8610,14560,126.0
142176,879,239,-61,49350,7840,14210,125.0
142191,823,197,90,46480,10080,13230,125.0
142201,818,173,17,43190,10850,12250,128.0
142216,833,48,133,35700,10780,10290,128.0
142231,880,8,152,26180,7000,3220,128.0
142241,919,-66,242,21280,3010,-1890,130.0
142256,1036,-108,335,17080,-1820,-6930,125.0
142271,1038,-185,315,12320,-12950,-17850,125.0
142281,1002,-208,284,10990,-18410,-24150,126.0
142296,941,-229,233,10150,-23240,-37730,129.0
142311,917,-226,136,10080,-29750,-44520,129.0
142321,915,-204,109,9870,-31360,-51100,126.0
142336,929,-161,88,7770,-32760,-62230,126.0
142351,933,-88,32,6370,-32620,-66360,126.0
142361,1013,-68,-1,4970,-31850,-69650,124.0
142376,1048,-63,-52,1960,-27440,-75110,125.0
142391,950,-14,-55,700,-24640,-77420,120.0
142406,957,-3,-103,-2100,-15890,-81200,120.0
142416,928,-34,-123,-3430,-11550,-82390,122.0
142435,1058,144,-180,-4270,-2450,-84210,122.0
142450,1062,-52,-122,-4410,6860,-82250,122.0
142460,1107,138,14,-3570,8820,-80780,116.0
142475,1219,95,-21,-3150,11060,-79590,119.0
142490,1273,68,49,-4130,13720,-76510,115.0
142505,1286,90,149,-5320,13860,-74690,115.0
142515,1266,84,152,-7350,12390,-73220,115.0
142530,1247,84,271,-13790,7490,-71190,119.0
142545,1207,33,270,-18760,3080,-70490,119.0
142555,1219,151,312,-24010,-1610,-69300,116.0
142570,1235,116,319,-34440,-12530,-68320,122.0
142585,1212,72,290,-37730,-22680,-66570,122.0
142595,1160,69,272,-39270,-27160,-65800,127.0
142610,1088,109,235,-39550,-31150,-64540,128.0
142625,1017,125,180,-36050,-37100,-60200,128.0
142635,966,79,105,-34090,-38780,-58520,131.0
142650,925,3,83,-32060,-39690,-57120,128.0
142665,988,-7,-48,-13230,-36960,-53550,128.0
142675,926,33,-59,1400,-34230,-50610,136.0
142692,816,26,-134,29470,-27930,-43960,138.0
142707,746,46,-52,42070,-26110,-40810,139.0
142722,689,81,-22,60970,-23240,-34650,139.0
142732,652,143,32,66360,-22400,-31430,138.0
142747,667,174,46,69090,-22540,-24990,141.0
142762,696,223,110,70210,-23170,-21420,141.0
142772,701,236,135,69790,-24850,-17640,138.0
142787,724,205,79,69370,-27790,-11550,139.0
142808,711,256,71,64890,-29190,-7560,138.0
142823,715,202,56,63910,-29750,-5110,140.0
142838,706,188,23,61950,-29750,-1400,140.0
142848,716,176,39,60690,-29120,0,135.0
142863,801,158,36,59080,-27650,1470,132.0
142878,959,159,46,55090,-26880,1960,132.0
142888,1046,150,46,53200,-25970,2520,129.0
142903,1127,158,46,50330,-23380,3640,127.0
142918,1160,144,49,48020,-21910,4060,127.0
142928,1142,142,40,44450,-20510,3920,126.0
142945,1083,98,54,34090,-17150,2590,125.0
142960,1064,115,47,21770,-14350,-420,125.0
142970,1053,109,13,16170,-12390,-1610,117.0
142985,1315,625,-462,11760,-11060,-3290,117.0
143000,1807,-553,863,99120,29890,80360,116.0
143015,638,-86,-785,111790,17640,52920,116.0
143025,465,1812,-1034,123480,24920,48790,114.0
143040,388,-142,394,115010,27650,57890,113.0
143055,1064,-41,135,96460,23800,44030,113.0
143065,1386,87,-539,97790,28350,47530,114.0
143080,928,40,-199,89530,28140,46480,111.0
143095,905,360,-301,62090,26180,43400,111.0
143105,945,286,-339,44170,25270,42840,112.0
143120,1018,110,-269,27020,24780,41510,112.0
143135,1013,134,-251,-14420,20510,38990,112.0
143145,992,136,-209,-34860,17640,37940,109.0
143160,977,142,-173,-54110,14490,35770,107.0
143175,1018,40,-125,-86450,8260,34510,107.0
143185,1031,15,-69,-97720,5670,33110,108.0
143204,1005,11,-47,-110950,1400,29610,108.0
143219,1013,-15,-65,-112210,280,26180,109.0
143234,1034,-38,-94,-104650,1260,24500,109.0
143244,1020,-26,-101,-97230,3360,22820,108.0
143259,1017,-12,-84,-79940,8190,19880,108.0
143274,1028,-1,-81,-70700,10850,18690,108.0
143284,1021,22,-29,-62790,13160,17570,105.0
143299,1001,45,-24,-51310,15680,15960,106.0
143314,1006,59,4,-46620,16240,14910,106.0
143324,1001,45,-21,-43050,17430,14490,109.0
143339,989,79,14,-34440,17990,14140,106.0
143354,989,76,-4,-26880,19180,13580,106.0
143364,1019,71,-10,-22960,19950,13580,104.0
143379,1168,174,290,-16030,20160,13510,107.0
143394,991,-27,158,6790,17920,15050,107.0
143404,1004,-55,232,12180,15820,15260,107.0
143419,942,265,128,4340,10710,15050,106.0
143434,939,101,236,-5880,3010,15050,105.0
143449,933,78,206,-2870,-280,17010,105.0
143464,1006,184,2,6440,-840,17920,105.0
143479,1016,185,-90,-980,-1470,18690,103.0
143494,1019,11,45,-1260,-1330,19180,102.0
143509,1023,19,-11,1680,-1120,18830,102.0
143519,1041,8,35,1190,-1260,18130,102.0
143534,1013,-16,85,700,-1960,17220,103.0
143549,1007,-8,91,2310,-4060,15120,103.0
143559,1016,11,61,2520,-5250,14280,102.0
143574,1007,50,53,2450,-6930,13650,100.0
143589,1008,81,33,2870,-7420,14000,100.0
143599,998,111,15,3360,-7630,14770,102.0
143614,999,151,-2,3150,-7280,17150,103.0
143629,1000,166,-23,3290,-6790,18970,103.0
143639,1041,121,70,3080,-6370,21000,103.0
143654,1069,105,41,3010,-6440,24290,100.0
143669,1015,37,77,1260,-7210,24920,100.0
143679,1048,-54,82,1120,-7910,24220,101.0
143694,1061,-111,39,2030,-9590,23240,102.0
143709,1057,-26,-24,2450,-10220,19880,102.0
143724,1090,81,-144,2170,-9730,18760,101.0
143739,1091,35,-43,1050,-7140,18270,105.0
143754,1018,-61,-94,560,-5600,17850,102.0
143769,1055,104,-131,1190,-2240,18270,102.0
143779,1080,102,-144,-210,70,19250,103.0
143794,1083,122,-147,-1680,2590,22330,102.0
143813,1085,117,-128,-2030,7070,25900,103.0
143828,1133,314,-93,-8820,11760,26600,103.0
143838,1171,451,0,-22680,15610,26670,106.0
143853,1141,336,-152,-52360,24360,27930,104.0
143868,1103,88,-179,-59010,28350,29260,107.0
143883,1142,39,-275,-57470,35280,33880,107.0
143893,1178,102,-124,-54810,39060,36540,108.0
143908,1053,199,-36,-54110,41230,37660,106.0
143923,1039,175,156,-72380,43330,38010,106.0
143933,916,527,176,-79030,40810,35280,111.0
143948,1120,212,247,-93660,37520,33460,115.0
143963,1021,403,245,-111020,35210,32620,115.0
143978,1288,247,218,-89530,29540,27510,112.0
143993,1263,411,176,-67410,24850,26950,114.0
144008,1250,89,248,-9170,20930,26460,117.0
144023,1175,301,220,18200,18620,25060,117.0
144033,1126,322,276,39340,16450,24500,122.0
144048,1085,396,174,60200,11900,22610,124.0
144063,838,441,-9,60340,11200,20790,124.0
144073,1007,368,122,57120,11480,19460,126.0
144088,871,406,-105,48860,9030,17220,129.0
144103,858,271,152,37870,11130,14840,129.0
144113,837,249,113,32340,10290,12530,131.0
144128,860,161,217,26600,9870,10150,132.0
144143,882,91,267,15540,4690,2450,132.0
144153,869,55,274,10360,560,-2520,131.0
144168,882,-40,263,6580,-4060,-13650,134.0
144183,860,-149,233,4130,-12740,-19810,134.0
144193,841,-185,207,5670,-16450,-26460,135.0
144208,821,-204,197,8050,-22330,-40390,134.0
144223,794,-184,129,12950,-24360,-47250,132.0
144242,794,-126,73,14350,-26670,-59500,132.0
144252,811,-80,57,13370,-26950,-64540,132.0
144267,821,-64,24,10500,-25970,-72030,130.0
144282,848,-20,-25,9100,-24640,-74830,130.0
144292,858,6,-64,7980,-22540,-76790,129.0
144307,865,2,-108,6370,-16170,-79170,129.0
144322,892,3,-106,5670,-12250,-81130,128.0
144337,1068,19,-74,4410,-4550,-81900,128.0
144347,1049,15,-7,3990,-1050,-82460,124.0
144362,1087,43,-54,3430,3290,-82740,121.0
144377,1157,63,17,2940,5110,-82320,121.0
144387,1239,90,13,2310,6370,-81620,116.0
144402,1272,107,47,770,8190,-78890,117.0
144417,1278,130,72,-560,8750,-77140,117.0
144427,1260,145,120,-2380,8540,-75250,120.0
144442,1267,131,192,-7140,5460,-71330,121.0
144457,1274,158,224,-9940,2590,-67480,121.0
144467,1287,191,241,-12810,-5180,-64820,122.0
144482,1326,188,289,-18760,-10080,-62090,122.0
144499,1320,162,314,-23590,-20510,-57470,123.0
144514,1233,169,276,-24570,-25970,-53340,123.0
144524,1171,168,234,-25060,-30730,-51100,129.0
144539,1137,62,218,-24150,-37660,-48370,131.0
144554,1122,137,12,-5040,-39200,-43680,131.0
144564,1020,5,-96,13650,-36470,-40460,133.0
144579,953,-7,-153,34020,-33600,-37450,139.0
144594,885,16,-125,74200,-26880,-32060,139.0
144604,828,63,-75,87220,-23870,-29820,141.0
144619,731,213,-18,94080,-22050,-27510,142.0
144634,721,100,-194,94500,-20300,-22330,142.0
144644,600,207,160,91350,-17640,-21560,139.0
144659,588,259,22,85960,-20790,-20020,139.0
144674,469,220,59,73220,-21770,-19600,139.0
144684,463,247,64,65870,-23100,-19460,137.0
144699,513,245,111,51590,-26460,-18480,140.0
144714,638,230,101,46270,-27790,-17710,141.0
144729,686,209,96,42000,-29750,-16030,141.0
144739,708,174,93,42560,-30450,-15330,141.0
144758,726,169,57,46970,-31500,-13370,140.0
144773,772,164,46,49210,-31010,-11550,137.0
144788,844,201,44,50260,-29120,-10430,137.0
144798,889,192,60,49140,-27930,-9310,135.0
144817,940,178,10,41720,-24570,-7910,131.0
144832,961,224,33,35770,-20370,-7140,128.0
144847,1062,224,20,23240,-18060,-6440,128.0
144857,1117,223,5,16800,-15470,-5740,124.0
144872,1648,1242,-761,54320,-700,34650,117.0
144887,1024,594,748,130200,25270,82950,117.0
144897,768,565,-1541,112420,12670,51030,117.0
144912,291,113,413,106260,18340,78400,117.0
144927,-33,20,-356,84630,16170,55580,117.0
144937,-43,545,42,70000,23800,52430,117.0
144952,1693,-652,729,121100,28910,57400,116.0
144967,1442,-631,98,103460,27930,56490,116.0
144977,634,855,-1300,93310,35070,55580,115.0
144992,1077,-238,-732,70910,35490,53270,111.0
145011,1041,83,-391,29540,38850,50820,111.0
145026,817,331,-148,-28350,33040,47950,111.0
145036,863,278,-152,-54110,27650,47040,111.0
145051,1030,-25,-26,-68110,24080,45990,109.0
145066,998,-10,32,-81690,17500,41720,109.0
145076,1041,-106,138,-78330,15260,38500,108.0
145091,1047,-169,103,-70910,12880,31080,106.0
145106,1061,-131,-16,-50400,12600,27090,106.0
145116,1050,-99,46,-37800,13580,24010,109.0
145131,1024,-73,23,-18830,15610,17710,108.0
145146,1014,37,-54,-12530,16590,15260,108.0
145156,944,105,-25,-11480,17150,13440,108.0
145171,1046,120,-65,-17640,14910,11900,105.0
145186,982,170,-24,-23030,13650,12320,106.0
145201,967,247,30,-34090,10150,12950,106.0
145211,976,231,16,-38430,8400,14140,103.0
145226,973,235,5,-40460,6370,17640,107.0
145241,970,230,67,-35070,6300,19740,107.0
145251,950,228,105,-26740,6580,21630,105.0
145270,981,160,112,-1260,8120,25130,107.0
145285,971,169,114,26530,10290,27860,103.0
145300,1029,133,124,37380,11480,29190,103.0
145310,1020,159,-20,38640,10710,30800,104.0
145325,977,264,-184,9240,6370,33810,104.0
145340,1010,69,-166,-8260,4060,35350,104.0
145350,1027,138,81,-13020,4690,35770,105.0
145365,994,86,122,10010,7210,35910,102.0
145380,1008,28,-60,9520,5670,35350,102.0
145390,1007,30,-76,2940,4270,34790,101.0
145405,1019,-35,127,1680,3290,34300,104.0
145420,1019,-49,72,5180,1750,33530,104.0
145430,1150,-144,2,-770,-280,33110,99.0
145445,1012,142,144,2870,420,31220,102.0
145460,1065,-160,-173,3290,-770,28070,102.0
145470,1057,4,3,4340,560,25480,104.0
145485,1073,-46,-117,4340,2730,21770,102.0
145500,1042,-5,-33,2450,4130,20020,102.0
145510,1039,23,-120,1400,4900,19390,103.0
145529,1033,6,42,1120,5950,19670,101.0
145544,1032,68,43,-1050,4830,20930,104.0
145559,1021,53,77,-350,3990,22400,104.0
145569,998,43,82,560,2870,23940,102.0
145584,1012,86,79,910,280,26880,105.0
145599,1022,53,35,910,-770,29820,105.0
145609,1022,25,25,1050,-1540,31010,104.0
145624,1009,-1,-1,1330,-2030,31990,103.0
145639,1022,-21,6,1190,-980,32900,103.0
145649,1016,-79,-70,-1540,0,32830,105.0
145664,1067,-34,-152,-1400,1120,33250,106.0
145679,1082,41,-126,-8960,6160,32620,106.0
145689,1117,94,-39,-19180,10360,31430,105.0
145704,1086,74,-146,-32340,14840,30240,106.0
145719,1120,-12,-304,-49350,24500,28700,106.0
145734,1151,-73,-378,-51660,29260,29680,106.0
145744,1148,-69,-362,-50820,38920,30520,111.0
145759,1115,-90,-283,-47180,43400,31220,111.0
145774,1066,-56,-188,-48160,50050,31150,111.0
145789,1004,7,47,-52220,52010,30450,116.0
145804,990,-16,195,-66710,52640,29610,114.0
145833,829,-84,515,-85890,44450,29820,116.0
145848,829,-97,471,-89390,38780,30660,116.0
145863,818,0,494,-97440,29750,34650,120.0
145878,830,214,340,-97720,23660,40110,120.0
145893,960,-154,163,-91280,13790,44030,120.0
145903,899,-188,170,-83720,10010,48370,121.0
145918,876,-200,83,-60480,1400,58940,119.0
145933,958,-208,25,-46970,-2380,64540,119.0
145943,1016,-164,-12,-33390,-5460,70560,123.0
145958,1029,-163,-64,-8190,-9170,82040,120.0
145973,958,-302,-22,1890,-9660,86660,120.0
145983,938,-374,11,9940,-10080,90090,125.0
145998,962,-392,44,21910,-10990,89180,123.0
146013,927,-502,107,26110,-12320,84210,123.0
146023,854,-658,206,29540,-14000,79660,126.0
146038,858,-765,237,39060,-16450,73710,127.0
146055,939,-465,193,92400,-19740,57190,128.0
146070,1049,-436,116,127050,-20720,39060,128.0
146080,904,-297,92,149730,-19950,32130,130.0
146095,1578,-452,57,81200,-23940,28630,131.0
146110,571,-803,1005,-81200,-33460,15960,131.0
146120,1317,258,-412,-71610,-13160,15820,133.0
146135,1055,-306,51,-50960,-8400,16870,134.0
146150,1033,-288,118,-9100,1400,8330,134.0
146160,872,-321,-322,11690,1260,3290,134.0
146175,1031,-213,-89,28000,10710,-2310,135.0
146190,1071,-71,-138,47110,19740,-6510,135.0
146200,1040,49,-112,49070,25270,-10080,135.0
146215,1064,-45,-116,49350,32340,-16520,136.0
146230,1134,-65,-3,45780,34370,-21700,136.0
146240,1131,-18,-31,41720,36120,-26740,135.0
146255,1270,-51,57,28280,38010,-37310,136.0
146270,1258,-22,192,18900,36120,-44030,137.0
146285,1213,0,240,-840,30520,-54950,137.0
146295,1176,-23,357,-11550,26040,-60340,135.0
146314,1162,15,368,-35910,13370,-71400,134.0
146329,1149,62,362,-48650,6650,-81130,133.0
146344,1102,17,283,-68180,-4830,-85400,133.0
146354,1053,20,267,-73990,-9100,-89390,132.0
146369,1003,30,239,-81060,-16240,-95690,133.0
146384,965,-33,237,-84000,-18830,-98560,133.0
146394,1000,-73,151,-83930,-21560,-102060,135.0
146409,951,-65,157,-73780,-23450,-107660,135.0
146424,966,-106,-25,-64680,-24010,-108220,135.0
146434,935,-49,120,-50750,-22050,-108850,134.0
146449,940,-76,-19,-14630,-19600,-109270,135.0
146464,883,-68,12,4620,-16870,-108430,135.0
146474,856,-23,24,22050,-16730,-107800,137.0
146489,812,73,59,45010,-17710,-107520,137.0
146504,805,109,129,50890,-21490,-105910,137.0
146514,812,134,103,50400,-23520,-104580,132.0
146529,786,158,115,49420,-25270,-102900,133.0
146544,783,93,79,46270,-28140,-101080,133.0
146554,756,150,165,43330,-29680,-100660,134.0
146573,785,105,89,39480,-34230,-98420,134.0
146588,811,95,94,39480,-35840,-95760,131.0
146603,873,168,112,43400,-39130,-93240,131.0
146613,916,58,44,48300,-40600,-89950,133.0
146628,927,37,45,56770,-41090,-84070,131.0
146643,918,3,-20,80010,-41160,-81340,131.0
146653,897,-23,-35,93170,-40320,-78470,131.0
146668,890,-6,-55,118090,-37730,-72730,130.0
146683,833,7,-61,127750,-36610,-70070,130.0
146698,810,-7,-75,136710,-34300,-65940,130.0
146708,819,1,-9,137830,-33040,-64680,129.0
146723,858,25,-22,138880,-32690,-61390,122.0
146738,935,45,-48,141400,-30800,-59360,122.0
146748,945,234,23,140070,-29610,-56280,122.0
146763,968,4,-126,121450,-25760,-52990,117.0
146778,1226,338,-142,107660,-25270,-51590,117.0
146788,1893,361,15,100100,-26950,-40040,114.0
146803,1427,-955,-470,114030,12040,48020,115.0
146818,1129,892,115,122220,39970,60760,115.0
146838,385,592,-297,81200,47320,73710,113.0
146853,691,-49,54,41440,38010,69300,113.0
146868,1024,359,-880,35980,27790,53200,114.0
146883,1370,-174,230,5810,24640,55230,111.0
146898,1034,-9,-410,-28350,19110,54460,111.0
146908,758,481,-225,-47670,14210,53340,110.0
146923,971,71,-264,-62020,11760,53550,109.0
146938,1085,-86,-182,-77700,10010,50610,109.0
146948,1075,24,-233,-80500,10430,49000,109.0
146963,988,1,-183,-79870,11690,44030,106.0
146978,1043,-135,-247,-68110,17290,40950,106.0
146988,1036,-118,-279,-59360,21560,37520,106.0
147003,1035,-95,-261,-44730,30030,31150,109.0
147018,1036,-101,-103,-42140,32200,28000,106.0
147033,1025,-68,-60,-45570,32690,22330,106.0
147043,1015,-7,-35,-50330,31920,20230,105.0
147058,1004,-12,-81,-56000,30660,18340,105.0
147073,1007,78,193,-63070,29890,14630,105.0
147086,1083,59,357,-45150,29190,11480,106.0
147101,911,-249,531,17080,32130,10010,104.0
147116,1088,150,55,6580,27020,10640,104.0
147126,932,550,-88,-3430,22540,10430,104.0
147141,895,431,35,-32480,13370,9450,107.0
147156,935,342,151,-45290,4970,7910,107.0
147166,844,241,209,-63000,1470,7070,104.0
147181,1032,-19,171,-61320,700,8960,104.0
147196,1023,-62,128,-44310,210,12740,104.0
147211,966,-141,316,-31010,-490,14420,104.0
147221,1046,-278,174,-15820,-70,16240,105.0
147236,1043,-121,204,12600,560,18270,103.0
147251,990,-67,179,21350,350,17220,103.0
147261,1032,21,44,24710,-560,16100,104.0
147276,998,172,20,17570,-2800,14350,104.0
147291,991,222,1,-2030,-6930,9870,104.0
147301,985,193,43,-10850,-9380,8190,103.0
147316,952,145,142,-16170,-11690,7420,103.0
147331,1017,-1,262,-4970,-12880,11480,103.0
147346,985,66,140,10780,-12040,14350,104.0
147361,1034,213,-215,3290,-12810,15680,103.0
147376,1030,-20,65,-3290,-11690,17500,99.0
147391,1038,233,-205,4830,-8050,18830,99.0
147401,1044,126,-125,280,-6090,20090,103.0
147416,1016,74,15,1540,-2660,22820,102.0
147431,1042,150,-35,1330,-1330,24360,102.0
147441,1065,4,-9,-1260,-560,25830,101.0
147456,1042,73,-30,-2590,560,26880,101.0
147471,1098,-35,55,-3780,1330,26600,101.0
147481,983,-173,41,-3150,1890,24570,101.0
147496,1123,-85,-65,-2660,3710,22610,101.0
147511,1090,-38,-40,-4410,7210,16100,101.0
147521,1124,185,-40,-10920,9870,14070,105.0
147536,1127,-90,-243,-14980,12880,13370,100.0
147551,1099,142,-107,-25830,20440,9170,100.0
147561,1135,162,-128,-35770,24920,7350,101.0
147576,1133,92,-219,-41720,29330,6860,104.0
147591,1134,99,-168,-43680,36540,8680,108.0
147608,1082,113,-74,-39970,40180,13090,108.0
147618,1040,104,24,-38920,40600,15400,105.0
147633,973,247,260,-39900,40110,17570,108.0
147648,937,294,426,-47810,35420,22680,108.0
147658,908,315,496,-54460,32130,25060,111.0
147673,876,349,465,-60620,27930,29960,110.0
147688,931,261,441,-76090,21840,32480,110.0
147698,971,332,320,-82180,17850,34580,110.0
147713,996,282,273,-87920,12740,39760,113.0
147728,973,313,237,-97440,10010,43120,113.0
147738,973,225,255,-101080,7910,47390,112.0
147753,924,206,289,-101500,2170,55440,112.0
147768,923,-3,58,-98420,-420,60340,112.0
147778,994,31,12,-93870,-1890,64610,116.0
147793,1030,-57,-114,-78260,-5110,73920,116.0
147808,993,-158,-112,-68600,-6090,81970,118.0
147823,935,-214,-44,-50050,-7700,85330,118.0
147838,926,-250,-23,-39900,-10010,90650,119.0
147853,916,-383,43,-20370,-11690,91770,120.0
147872,848,-532,152,-2520,-15680,91140,122.0
147887,855,-615,197,14490,-20930,85680,125.0
147902,1105,-692,252,35140,-24080,79940,125.0
147912,1194,-544,191,76580,-26880,72380,126.0
147927,1245,-424,190,175280,-31430,55720,124.0
147942,973,-213,187,206710,-33110,41650,124.0
147952,992,-254,-249,220710,-34230,31780,130.0
147967,1164,-273,-74,216020,-34720,22540,125.0
147982,1025,192,-262,210980,-27510,10570,125.0
147992,991,-154,4,189350,-25690,3850,131.0
148007,978,-77,-140,175770,-21910,-3500,132.0
148022,947,88,-114,143920,-15890,-14630,132.0
148032,845,293,-56,115570,-12250,-19600,134.0
148047,901,217,-72,81480,-10290,-25410,130.0
148062,937,232,-24,4830,-5880,-36820,130.0
148072,938,214,-74,-32130,-3710,-42140,133.0
148087,938,151,-80,-65870,2590,-52850,129.0
148102,1022,50,-84,-116970,6090,-57750,129.0
148112,1076,29,-48,-132790,9730,-62160,128.0
148131,1184,22,-2,-147490,16030,-68390,128.0
148146,1210,36,110,-152530,17990,-71470,127.0
148161,1242,17,212,-154000,18130,-72730,127.0
148171,1257,-20,204,-153930,15610,-74270,123.0
148186,1218,-103,283,-149450,8680,-79590,122.0
148201,1215,54,248,-145110,4410,-81550,122.0
148211,1194,-57,268,-138740,770,-82460,123.0
148226,1163,-105,230,-118020,-7350,-83860,122.0
148241,1144,-104,256,-103390,-14770,-85890,124.0
148256,1112,-195,168,-60480,-17920,-86310,124.0
148266,1057,-217,128,-33040,-20160,-86940,123.0
148281,1014,-182,81,24850,-22960,-86800,125.0
148296,921,-158,-6,51520,-23660,-86030,125.0
148306,848,-36,2,74550,-23940,-85260,123.0
148321,812,83,-4,101710,-25200,-82810,126.0
148336,747,113,2,105630,-26390,-79380,126.0
148346,707,151,22,106190,-28000,-77140,127.0
148361,654,94,12,104020,-33670,-75250,129.0
148376,660,110,30,98000,-37800,-73150,129.0
148391,744,152,90,94920,-40460,-70840,128.0
148406,774,143,43,90230,-45430,-66500,122.0
148421,852,113,90,88480,-48300,-63910,127.0
148436,879,104,107,88270,-53760,-60270,127.0
148446,896,89,77,89880,-56280,-58520,126.0
148461,939,56,71,92330,-58100,-55020,126.0
148476,945,46,15,99680,-61110,-52220,126.0
148486,936,44,-32,105490,-60970,-50190,121.0
148501,898,33,-7,117670,-58800,-46970,122.0
148516,916,43,-30,121800,-57190,-45710,122.0
148526,973,65,-23,124040,-55720,-44730,119.0
148541,1049,0,-4,121310,-50190,-44520,117.0
148556,1122,19,-81,118160,-48160,-44030,116.0
148571,1131,63,-83,112980,-42140,-43540,116.0
148581,1132,58,-90,110670,-38780,-42980,114.0
148596,1592,476,-145,108150,-19530,-10920,114.0
148611,501,-332,406,149940,9590,42910,114.0
148621,507,146,-460,161560,-19180,-31570,114.0
148636,-298,458,180,131460,-1190,17220,114.0
148655,1636,-420,167,140070,37730,36540,113.0
148670,1524,-686,229,124040,30590,51450,113.0
148680,962,520,-701,106330,41090,57680,110.0
148695,428,794,-752,76020,38150,51520,109.0
148710,1061,-206,-375,60620,35560,50400,109.0
148720,1187,-134,-122,42280,36190,48720,110.0
148735,894,74,-534,-6930,34230,47250,107.0
148750,1030,-40,-256,-31150,28700,44310,107.0
148760,1046,-89,-270,-54390,26250,43120,108.0
148775,940,114,-223,-87780,23730,42350,106.0
148790,988,17,-72,-104580,18480,41020,106.0
148800,1018,-70,9,-105490,15890,39830,108.0
148815,998,-77,-18,-100800,14000,38010,106.0
148829,1010,-144,-16,-78610,13510,33320,106.0
148844,1046,-178,-50,-62370,14770,30450,103.0
148859,1028,-155,-113,-30520,19460,24710,104.0
148874,1027,-150,-129,-17430,21630,19460,105.0
148889,1013,-59,-153,-3920,24430,17360,105.0
148903,1011,-47,-177,-4550,24850,14420,106.0
148918,995,45,-130,-15540,23870,13580,103.0
148933,987,54,-111,-31990,21070,13090,105.0
148948,1006,45,-111,-39620,19880,13020,105.0
148958,995,66,-131,-46900,18970,13230,101.0
148973,979,82,-33,-59080,16590,14070,103.0
148988,983,68,30,-62440,14910,14700,103.0
148998,1152,86,343,-62020,12670,15960,102.0
149013,746,-12,-131,-46550,10710,15610,105.0
149028,1125,49,445,-32760,9520,17360,105.0
149038,998,-7,237,-22260,8260,17780,102.0
149053,996,6,209,10220,7770,17850,102.0
149068,1131,-29,114,19530,3710,18060,102.0
149078,1125,-220,-256,-7070,2450,18060,101.0
149093,1089,160,73,1050,140,15260,102.0
149108,1035,-203,-58,-2940,420,11830,102.0
149118,935,-122,-153,1820,-910,7560,100.0
149133,1018,-153,-53,3500,210,1190,102.0
149148,1011,-95,-136,2310,2590,-1890,100.0
149167,1012,-29,-22,1190,3080,-5810,100.0
149177,1015,40,17,1680,2310,-6440,102.0
149192,1014,70,101,2380,-910,-4620,103.0
149207,1013,169,58,2520,-2660,-2520,103.0
149217,1010,167,47,2590,-4340,420,100.0
149232,1012,163,-4,2450,-6580,6860,101.0
149247,1022,115,-52,2380,-7000,9520,103.0
149262,1024,32,-66,1750,-6860,11830,103.0
149272,1028,-1,-93,1540,-6510,11760,102.0
149287,1050,212,-207,1960,-5670,13650,100.0
149302,1031,26,-134,1120,-1680,13720,100.0
149312,1060,173,-186,1260,-490,13790,100.0
149327,1028,7,-163,-1260,3850,14560,102.0
149342,1023,28,-197,-1400,5740,14490,102.0
149352,1042,79,-172,-2590,8050,14840,100.0
149367,1039,83,-194,-6230,12740,16590,103.0
149382,1041,101,-223,-7700,15330,17990,103.0
149392,1049,129,-217,-8680,18060,21770,104.0
149407,1055,156,-186,-8540,23030,24150,102.0
149424,1121,185,53,-7630,27790,29540,102.0
149434,1084,180,-253,2450,24710,32340,103.0
149449,1158,94,-223,4550,26670,36120,106.0
149464,1214,237,55,-6580,29890,41160,105.0
149479,1186,447,-103,-18620,30590,41580,105.0
149489,1094,312,51,-37870,38430,41580,104.0
149504,1114,202,-118,-65450,43260,41020,107.0
149519,1116,291,-87,-88690,50820,38920,107.0
149529,1076,194,-81,-103250,52920,36750,112.0
149544,1001,185,56,-117250,55020,35490,116.0
149559,817,277,149,-147770,52990,30590,116.0
149569,941,226,161,-163590,51100,29680,113.0
149584,1372,356,172,-172410,48160,26320,116.0
149599,1455,-130,56,-158760,42420,23450,116.0
149609,1231,465,264,-128590,40810,21560,117.0
149624,1314,-308,-31,-81900,38990,21770,115.0
149639,1221,129,89,23450,35070,19390,115.0
149649,1147,170,254,59850,34510,18550,122.0
149664,1080,324,200,92540,27790,16590,126.0
149683,944,230,51,89670,24360,11410,129.0
149698,897,334,123,82880,21420,10080,129.0
149708,871,247,22,76090,19530,8680,130.0
149723,857,233,17,60900,18970,5600,135.0
149738,833,167,11,53200,19040,1890,135.0
149748,835,124,62,45080,18970,-1050,138.0
149763,876,9,152,27720,15610,-4830,141.0
149778,912,44,201,13020,8400,-12040,141.0
149788,899,5,318,7210,2170,-15610,141.0
149803,833,-124,308,2870,-3500,-19950,141.0
149818,792,-89,287,-2100,-15750,-30240,141.0
149828,760,-212,230,-2170,-21420,-36260,140.0
149843,700,-207,208,-1890,-26040,-42280,140.0
149862,712,-167,131,70,-32830,-53550,139.0
149877,701,-153,109,3500,-37100,-62650,139.0
149887,765,-150,110,5390,-38780,-66850,135.0
149902,821,-139,80,7420,-41090,-74270,136.0
149917,894,-118,20,13230,-41370,-77420,132.0
149936,957,-89,-76,21490,-38640,-82040,132.0
149946,974,-75,-100,25340,-35910,-83580,133.0
149961,979,-64,-102,29260,-29680,-86170,131.0
149976,1085,-40,-55,29890,-26740,-87080,126.0
149991,1109,-48,-55,30660,-22680,-88830,126.0
150001,1133,-30,-84,30730,-20440,-89530,125.0
150016,1191,26,-77,31150,-17780,-90020,123.0
150031,1258,29,-56,32830,-11970,-87780,123.0
150041,1283,119,-23,33600,-9870,-86380,126.0
150056,1292,161,12,31360,-8050,-81130,123.0
150071,1304,245,99,15820,-9030,-78820,123.0
150081,1280,262,147,5880,-10500,-75040,124.0
150096,1298,234,80,-13720,-13650,-67620,127.0
150111,1247,215,120,-24080,-14910,-64610,127.0
150121,1247,189,141,-34580,-16660,-62020,127.0
150136,1263,171,170,-51240,-21910,-57190,127.0
150151,1298,119,193,-55230,-24780,-52220,127.0
150161,1290,91,173,-56420,-27930,-49980,130.0
150176,1199,143,128,-52290,-33250,-46130,135.0
150195,952,114,71,-42980,-36610,-39760,137.0
150210,848,130,63,-39060,-38570,-33600,137.0
150220,783,121,58,-32130,-39200,-30590,142.0
150235,714,86,25,-29260,-38990,-27790,142.0
150250,758,26,-77,-16450,-37800,-22960,142.0
150260,726,96,-81,-4620,-35700,-18970,142.0
150275,708,31,-51,9310,-33110,-15610,143.0
150290,699,58,18,39200,-29610,-8190,143.0
150305,707,114,55,52430,-29190,-630,143.0
150315,717,157,108,63420,-30800,3710,141.0
150330,747,241,127,77700,-31990,8540,141.0
150345,728,271,99,85260,-34230,18270,141.0
150355,693,268,88,87850,-34790,22750,140.0
150370,616,291,93,90790,-35000,27160,139.0
150385,602,139,43,92400,-31640,31220,139.0
150395,571,261,1,89950,-30030,32760,140.0
150410,652,283,-12,87920,-27580,34440,135.0
150425,855,304,-5,80290,-21070,34230,130.0
150440,969,307,20,75320,-14140,33880,130.0
150455,1183,308,19,61950,-10500,33110,128.0
150470,1267,347,49,42910,-3920,30940,125.0
