t_ms,ax_mg,ay_mg,az_mg,gx_mdps,gy_mdps,gz_mdps,dist_mm,event
90295,1018,53,14,1540,-2240,630,114.0,0
90412,1021,57,4,1330,-1820,910,114.0,0
90432,1021,60,4,1330,-1190,1400,114.0,0
90447,1012,68,34,1330,-1190,1750,115.0,0
90462,1017,49,11,1470,-1330,2380,117.0,0
90477,1019,52,8,1470,-1190,2520,114.0,0
90492,1021,41,5,1330,-630,2520,114.0,0
90502,1014,50,28,1400,-490,2520,114.0,0
90517,1011,45,41,1400,-910,2380,114.0,0
90532,1017,43,23,1540,-1120,2240,114.0,0
90542,1016,48,25,1540,-1190,2240,115.0,0
90557,1019,46,7,1470,-1120,2100,113.0,0
90572,1019,38,14,1540,-980,2030,113.0,0
90582,1014,49,33,1470,-910,1890,113.0,0
90597,1013,44,33,1470,-1400,1820,112.0,0
90612,1011,54,40,1610,-1680,1820,112.0,0
90622,1011,53,35,1610,-2100,1820,115.0,0
90637,1022,37,6,1540,-1960,1820,115.0,0
90652,1018,46,15,1470,-1680,1610,115.0,0
90681,1014,52,33,1610,-1820,1680,113.0,0
90700,1016,51,25,1610,-2100,1820,115.0,0
90715,1022,41,2,1540,-1960,1890,115.0,0
90730,1022,42,8,1540,-1470,1750,114.0,0
90745,1016,55,23,1610,-1330,1750,116.0,0
90760,1009,51,42,1610,-1750,1960,116.0,0
90770,1012,46,27,1680,-2100,2030,113.0,0
90785,1020,45,13,1750,-2240,2030,112.0,0
90800,1018,44,13,1680,-2030,1960,113.0,0
90815,1020,39,7,1540,-1750,1680,113.0,0
90825,1020,42,12,1610,-1680,1610,114.0,0
90840,1010,58,47,1750,-1820,1610,114.0,0
90855,1010,58,8,1610,-2520,1750,114.0,0
90865,1023,36,-8,1680,-2380,1610,118.0,0
90880,1023,29,1,1610,-2030,1330,113.0,0
90895,1027,23,-10,1400,-1330,490,113.0,0
90905,1020,36,5,1260,-910,140,115.0,0
90920,1013,59,15,770,-1120,-70,114.0,0
90935,1016,65,18,-1190,-1260,70,114.0,0
90953,1015,79,8,-1540,-1120,840,115.0,0
90968,1015,78,11,-980,-420,1960,115.0,0
90983,1015,72,19,910,-140,2520,112.0,0
90998,1014,77,18,1400,70,3430,112.0,0
91013,1018,53,16,1400,70,3780,112.0,0
91023,1019,45,16,1400,140,3920,114.0,0
91038,1022,34,12,1400,350,3570,115.0,0
91053,1020,27,17,1330,420,3150,115.0,0
91063,1021,34,29,1400,420,2380,114.0,0
91078,1020,36,23,1470,280,2170,114.0,0
91093,1018,35,40,1400,0,1610,114.0,0
91103,1013,41,33,1470,-280,1400,114.0,0
91118,1014,49,34,1400,-560,1260,114.0,0
91133,1016,50,27,1330,-840,1190,114.0,0
91143,1016,51,26,1400,-910,1260,116.0,0
91158,1013,53,36,1330,-980,1260,113.0,0
91173,1013,50,39,1260,-1540,1260,113.0,0
91183,1013,49,22,1260,-1750,1330,115.0,0
91198,1020,50,6,1330,-1750,1330,113.0,0
91217,1022,48,6,1120,-1120,1330,114.0,0
91232,1018,47,18,1050,-840,1330,114.0,0
91242,1017,48,17,1050,-700,1330,114.0,0
91257,1014,54,36,980,-980,1330,115.0,0
91272,1015,57,28,1050,-1190,1330,115.0,0
91287,1017,60,19,1190,-1190,1680,115.0,0
91297,1016,62,31,1260,-1120,2030,115.0,0
91312,1013,59,36,1330,-1190,2240,114.0,0
91327,1016,44,33,1470,-1400,2240,114.0,0
91337,1012,48,48,1470,-1680,2100,114.0,0
91352,1019,40,31,1470,-2170,1750,113.0,0
91367,1014,57,36,1680,-2170,1610,113.0,0
91377,1018,47,21,1540,-2240,1540,117.0,0
91392,1018,44,17,1610,-2240,1470,115.0,0
91407,1016,51,22,1540,-2240,1400,115.0,0
91417,1013,61,31,1470,-2310,1400,117.0,0
91432,1014,43,16,1330,-2590,1470,114.0,0
91447,1022,43,1,1330,-2450,1260,114.0,0
91457,1019,55,7,1120,-2240,1190,116.0,0
91479,1022,45,9,140,-1610,1050,114.0,0
91494,1015,51,20,-280,-1540,1050,116.0,0
91509,1015,57,26,0,-1610,1190,113.0,0
91524,1018,59,10,420,-1610,1540,113.0,0
91534,1018,61,14,630,-1400,1610,114.0,0
91549,1018,61,10,840,-1050,1750,116.0,0
91564,1013,72,7,770,-560,2100,116.0,0
91574,1019,67,1,840,-350,2450,113.0,0
91589,1011,70,40,1120,-280,2800,113.0,0
91604,1010,68,26,1400,-770,3290,113.0,0
91614,1014,56,21,1330,-840,3360,111.0,0
91629,1020,37,19,1400,-910,3290,114.0,0
91644,1021,26,16,1400,-770,2590,114.0,0
91654,1020,25,17,1330,-700,2170,114.0,0
91678,1016,46,28,1400,-700,1260,114.0,0
91693,1016,42,30,1470,-1120,1190,115.0,0
91708,1017,47,22,1540,-1330,980,115.0,0
91727,1022,41,10,1330,-1120,770,114.0,0
91742,1019,47,17,910,-1120,560,114.0,0
91752,1017,44,35,700,-1190,490,113.0,0
91767,1011,53,58,1680,-1750,630,113.0,0
91782,1016,58,18,2240,-2030,770,113.0,0
91792,1018,67,0,2240,-2030,840,117.0,0
91807,1022,30,0,1330,-1470,770,116.0,0
91822,1026,34,-2,1260,-1050,140,116.0,0
91832,1020,42,8,980,-700,-140,113.0,0
91847,1017,41,43,1050,-840,-280,112.0,0
91862,1016,55,28,1610,-1120,-280,112.0,0
91877,1015,68,17,1260,-1190,-210,112.0,0
91887,1019,65,13,1190,-1120,-70,119.0,0
91902,1014,72,23,1190,-980,420,112.0,0
91917,1014,76,20,1120,-910,770,112.0,0
91927,1007,89,32,1610,-910,1190,117.0,0
91942,1010,75,44,1680,-1680,2240,115.0,0
91957,1016,62,20,2030,-1820,2730,115.0,0
91967,1015,72,5,2030,-1750,2870,114.0,0
91986,1018,60,18,1470,-1540,3220,114.0,0
92001,1013,65,23,1750,-1470,3290,114.0,0
92016,1011,71,29,1750,-1540,3500,114.0,0
92026,1016,62,18,1680,-1540,3640,116.0,0
92041,1015,57,23,1470,-1540,3710,115.0,0
92056,1015,58,10,1540,-1540,3780,115.0,0
92066,1018,54,5,1470,-1330,3780,113.0,0
92081,1019,50,22,1260,-1260,3710,115.0,0
92096,1021,42,10,1400,-1120,3570,115.0,0
92106,1021,48,17,1260,-1120,3430,114.0,0
92121,1020,43,23,980,-980,3430,116.0,0
92136,1016,61,24,1190,-1050,3430,116.0,0
92146,1015,48,39,1190,-1190,3570,114.0,0
92161,1014,52,23,1400,-1680,3570,113.0,0
92176,1015,51,26,1400,-1750,3500,113.0,0
92186,1018,48,20,1330,-1820,3430,111.0,0
92201,1018,48,22,1330,-1820,3360,115.0,0
92216,1017,41,30,1330,-1890,3080,115.0,0
92231,1014,46,35,1260,-2310,2870,115.0,0
92249,1015,54,19,1120,-2660,2800,113.0,0
92264,1017,64,14,1050,-2590,3220,112.0,0
92279,1017,59,16,980,-2450,3430,111.0,0
92294,1017,55,14,980,-2240,3780,111.0,0
92304,1017,51,15,980,-2240,3850,114.0,0
92319,1017,50,25,1050,-2240,3850,117.0,0
92334,1017,44,19,1120,-2380,3780,115.0,0
92349,1017,44,20,1050,-2450,3640,115.0,0
92359,1018,42,14,1120,-2450,3640,114.0,0
92374,1019,43,6,1050,-2380,3290,114.0,0
92389,1019,39,5,1190,-2170,3220,114.0,0
92399,1019,40,15,1330,-2030,3150,115.0,0
92414,1015,44,26,1260,-2030,3150,113.0,0
92429,1017,37,14,1190,-2100,2940,113.0,0
92439,1018,40,13,1190,-2100,2870,112.0,0
92454,1019,49,16,1260,-2030,3010,113.0,0
92469,1017,49,-2,1330,-1820,3220,113.0,0
92479,1021,46,8,1400,-1540,3430,113.0,0
92494,1017,50,17,1400,-1470,3570,113.0,0
92513,1020,43,6,1400,-1330,3780,113.0,0
92528,1016,38,28,1540,-1260,3710,113.0,0
92538,1014,33,31,1540,-1400,3570,112.0,0
92553,1015,21,30,1470,-2030,2870,115.0,0
92568,1014,31,31,1540,-2380,2520,115.0,0
92578,1014,35,29,1540,-2730,2170,112.0,0
92593,1015,38,24,1330,-3010,1820,113.0,0
92608,1019,30,10,1470,-3010,1610,113.0,0
92618,1013,40,37,1470,-3010,1470,112.0,0
92633,1014,53,20,1400,-3430,1610,112.0,0
92648,1016,55,23,1400,-3570,2100,112.0,0
92658,1018,51,-1,1190,-3430,2240,113.0,0
92680,1022,30,13,1190,-2800,2030,114.0,0
92695,1019,30,10,980,-2730,1820,112.0,0
92710,1017,53,15,700,-2730,1890,116.0,0
92725,1022,63,0,630,-2660,2660,116.0,0
92735,1021,67,-14,770,-2030,3220,113.0,0
92750,1019,57,-5,1400,-1750,3780,115.0,0
92772,1017,35,3,1750,-980,4130,112.0,0
92787,1016,14,10,1680,-1050,3500,114.0,0
92802,1015,20,18,1680,-1330,2520,114.0,0
92812,1015,21,17,1680,-1400,2100,114.0,0
92827,1018,24,0,1540,-1330,1680,115.0,0
92842,1018,26,5,1400,-1050,1050,115.0,0
92852,1016,27,10,1400,-1120,840,114.0,0
92867,1015,48,32,1470,-1260,770,115.0,0
92882,1014,53,18,1470,-1960,1190,115.0,0
92892,1017,68,8,1610,-2100,1610,114.0,0
92907,1019,60,-2,1680,-1960,2590,115.0,0
92922,1022,33,-14,1680,-1330,2730,115.0,0
92932,1019,32,0,1750,-910,2660,113.0,0
92947,1017,28,8,1750,-770,2170,111.0,0
92962,1014,24,30,1750,-980,1820,111.0,0
92972,1017,27,12,1750,-1190,1470,113.0,0
92987,1017,32,-6,1610,-1260,980,114.0,0
93002,1022,29,-17,1540,-910,770,115.0,0
93021,1019,40,5,1470,-280,490,115.0,0
93031,1016,45,11,1400,-210,490,113.0,0
93046,1014,50,39,1400,-700,770,114.0,0
93061,1019,33,14,1330,-980,770,113.0,0
93076,1018,37,1,980,-1190,560,113.0,0
93086,1019,42,-4,280,-1120,420,115.0,0
93101,1016,61,-8,-3220,-1400,560,113.0,0
93116,1009,83,-4,-6580,-1890,700,113.0,0
93126,1009,92,0,-10780,-2590,980,112.0,0
93141,1007,105,-3,-20790,-4340,2030,112.0,0
93156,1008,104,-15,-25690,-5110,2660,112.0,0
93166,1014,79,-20,-29610,-5460,3710,114.0,0
93181,1014,49,47,-32060,-5810,3850,114.0,0
93196,1022,36,-16,-31290,-4970,4200,114.0,0
93206,1034,2,12,-27860,-3920,4200,115.0,0
93221,1024,-12,73,-14140,-2730,4130,114.0,0
93236,1024,16,83,1890,-840,3990,114.0,0
93246,1020,32,-36,840,-1050,3920,114.0,0
93261,1012,33,41,1190,-980,3710,114.0,0
93285,1021,24,-18,700,-770,2800,114.0,0
93300,1024,32,-58,700,-210,2380,116.0,0
93315,1020,25,-2,560,770,1750,116.0,0
93325,1018,24,1,490,910,1330,111.0,0
93340,1017,13,31,420,630,490,114.0,0
93355,1017,30,18,350,350,70,114.0,0
93365,1015,43,13,280,140,-140,116.0,0
93380,1017,52,11,-280,-70,280,114.0,0
93395,1016,54,14,-350,-140,560,114.0,0
93405,1011,65,41,-350,-280,840,114.0,0
93420,1008,73,39,-700,-1260,1540,113.0,0
93435,1013,66,32,-770,-1680,2310,112.0,0
93450,1011,59,43,-1120,-2520,2590,112.0,0
93460,1021,42,5,-1330,-3010,2870,113.0,0
93475,1021,40,2,-770,-2870,3220,112.0,0
93490,1019,35,10,560,-2870,3290,112.0,0
93500,1023,17,-24,910,-2730,3080,115.0,0
93515,1021,15,-12,1260,-1960,2240,114.0,0
93534,1014,22,3,1050,-2170,1330,112.0,0
93549,1014,45,37,770,-2800,1120,112.0,0
93559,1017,47,-11,280,-3150,1120,113.0,0
93574,1019,55,-12,-1050,-3080,1330,113.0,0
93589,1020,59,-4,-1470,-2940,1890,113.0,0
93599,1021,43,-11,-1470,-2590,1960,112.0,0
93614,1019,37,-12,-140,-1470,1960,113.0,0
93629,1017,50,17,420,-1260,2030,113.0,0
93639,1016,51,18,770,-1260,2170,111.0,0
93654,1017,53,8,1050,-1330,2520,112.0,0
93669,1020,49,-15,1400,-910,2940,112.0,0
93686,1020,32,-10,1400,-280,2730,115.0,0
93701,1018,33,1,1330,0,2450,115.0,0
93716,1014,40,27,1260,-140,2170,112.0,0
93731,1016,32,20,1260,-490,1960,110.0,0
93746,1016,36,10,1260,-770,1680,110.0,0
93756,1016,46,14,1260,-840,1750,112.0,0
93771,1015,51,25,1190,-980,1890,116.0,0
93790,1014,54,30,1540,-1610,2380,113.0,0
93805,1015,51,39,1820,-2310,2940,113.0,0
93815,1013,40,47,1820,-2800,3080,113.0,0
93830,1014,33,31,1890,-3780,2800,112.0,0
93845,1017,15,10,1820,-3990,2450,112.0,0
93855,1016,17,29,1750,-4130,1960,115.0,0
93870,1018,22,40,980,-5040,1120,112.0,0
93885,1020,31,40,840,-5390,770,112.0,0
93895,1018,35,82,1190,-5880,700,112.0,0
93910,1013,58,11,1540,-7420,1050,113.0,0
93925,1016,50,14,1820,-7770,1680,113.0,0
93935,1013,63,13,2100,-7980,2030,115.0,0
93950,1016,34,9,2520,-8400,2240,111.0,0
93965,1016,24,7,2590,-8820,1820,111.0,0
93975,1014,32,33,2730,-9380,1540,115.0,0
93990,1013,31,35,2520,-10010,1260,112.0,0
94005,1015,37,45,2660,-11550,1050,114.0,0
94020,1013,55,25,2730,-12390,1330,114.0,0
94030,1012,53,5,2870,-12950,1540,114.0,0
94052,1011,39,4,2870,-13930,1820,113.0,0
94067,1015,21,-28,2660,-14280,2100,113.0,0
94082,1015,7,39,2870,-14350,1050,113.0,0
94092,1003,12,181,2940,-15960,140,114.0,0
94107,1009,21,-33,2590,-17500,-770,111.0,0
94122,1016,12,13,3010,-18270,-1190,111.0,0
94132,1014,67,-64,3710,-18130,-1050,113.0,0
94147,1012,93,-129,4410,-16800,-140,113.0,0
94162,1014,42,-53,6790,-16100,210,114.0,0
94177,1014,24,-73,11550,-15540,-140,114.0,0
94187,1028,-28,65,14420,-16660,-1260,114.0,0
94202,1021,-133,23,18130,-17990,-3150,115.0,0
94217,1033,-15,-192,26950,-17570,-6020,115.0,0
94227,1025,-33,-227,31010,-15470,-6790,115.0,0
94242,1037,-75,-111,34790,-13160,-9660,115.0,0
94257,1033,-58,-62,36260,-12530,-11620,115.0,0
94267,1015,-11,-31,35910,-13160,-13300,116.0,0
94282,1007,14,35,34860,-16310,-15470,118.0,0
94301,955,182,-261,29960,-16660,-13930,115.0,0
94316,1019,79,-21,25340,-16940,-13370,115.0,0
94326,982,101,-162,22260,-17080,-12600,117.0,0
94341,996,47,-202,23100,-16170,-12390,118.0,0
94356,986,138,-5,24010,-15890,-11900,118.0,0
94366,980,135,-43,24360,-16940,-11200,115.0,0
94381,990,111,-59,27440,-19040,-9310,116.0,0
94396,992,149,-153,30100,-18760,-7140,116.0,0
94406,968,166,-172,33740,-16870,-5810,121.0,0
94421,1000,105,-62,41300,-16590,-4620,119.0,0
94436,913,279,-56,47040,-18830,-1890,119.0,0
94446,1213,26,175,48580,-20440,-3010,117.0,0
94461,828,28,-91,50190,-21630,-3290,122.0,0
94476,1107,46,-9,55860,-21770,-1330,122.0,0
94486,1104,252,-55,49980,-19600,210,117.0,0
94501,1159,112,0,45360,-17290,1190,119.0,0
94516,1129,119,15,36680,-11830,1890,118.0,0
94531,1114,84,39,32900,-8120,2310,118.0,0
94541,1135,141,-43,29050,-4900,2660,121.0,0
94563,1143,109,-118,17220,4060,3010,124.0,0
94578,1101,105,-100,13930,8960,3570,123.0,0
94593,1046,115,-3,8890,16450,4130,123.0,0
94603,994,71,18,6860,18620,4620,126.0,0
94618,978,73,4,4900,21980,4060,127.0,0
94633,991,47,-48,-1050,24430,3430,127.0,0
94643,954,120,-43,-3990,27440,3010,124.0,0
94658,905,-2,18,-10360,31220,1540,125.0,0
94673,952,102,103,-15330,32550,700,125.0,0
94691,959,109,36,-29470,32060,-630,125.0,0
94706,959,89,29,-46270,33390,-2310,125.0,0
94721,949,118,53,-55580,33950,-2940,128.0,0
94736,936,118,82,-75810,34720,-3920,129.0,0
94751,935,123,129,-87430,34020,-5460,129.0,0
94761,957,135,112,-99540,32480,-6090,128.0,0
94776,977,189,23,-126350,30100,-6370,128.0,0
94791,982,205,-9,-139930,31220,-4550,128.0,0
94807,1000,169,-22,-164570,32270,-3360,123.0,0
94822,1011,150,49,-185360,32760,-1470,123.0,0
94837,1024,71,-220,-195650,33110,-1120,126.0,0
94852,981,226,122,-214060,40460,280,121.0,0
94867,990,311,56,-219730,36820,10780,121.0,0
94877,971,260,5,-223300,35770,16450,122.0,0
94892,1242,299,283,-230020,35490,20650,121.0,0
94907,1702,-770,-980,-151620,25970,20860,121.0,0
94917,-594,1453,-288,-350560,-12320,-4340,121.0,0
94932,884,265,-337,-323330,-3220,-350,121.0,0
94947,755,230,396,-290850,2730,7280,121.0,0
94957,1001,106,-80,-287700,-2730,6440,122.0,0
94972,915,-252,-56,-286650,-4200,4200,122.0,0
94987,968,124,6,-285670,-7210,3780,122.0,0
94997,884,57,-175,-285040,-6510,4620,125.0,0
95012,927,-46,-150,-280980,-7210,3780,122.0,0
95027,1384,655,-198,-240030,-9380,-1400,122.0,0
95037,716,-349,-122,-194530,-5110,-1820,127.0,0
95052,879,369,4,-167650,-5320,3990,125.0,0
95071,990,-237,122,-121520,-2380,2240,122.0,0
95086,1090,-18,79,-102550,-910,2800,122.0,0
95096,1014,32,-85,-73920,1400,2660,125.0,0
95111,1009,133,12,-21350,4480,3570,125.0,0
95126,951,608,-60,-13860,3780,-3430,126.0,0
95141,975,718,125,-36610,4270,-4480,126.0,0
95151,922,181,167,-61320,3920,-11760,125.0,0
95166,935,104,51,-64540,3570,-15610,125.0,0
95181,992,117,138,-58730,3430,-17570,125.0,0
95191,954,123,219,-56630,2940,-19390,125.0,0
95206,914,919,-47,-122220,2100,-29820,124.0,0
95221,1258,255,221,-115850,2450,-28000,124.0,0
95231,1334,686,71,-127610,-2100,-28770,126.0,0
95246,905,240,177,-164430,-140,-26390,123.0,0
95261,732,185,330,-162400,-4760,-28280,123.0,0
95271,998,93,212,-168700,-5600,-28210,127.0,0
95286,1102,269,-72,-165690,-7420,-28770,126.0,0
95301,1060,68,41,-159600,-7000,-25760,126.0,0
95311,937,192,121,-152670,-5320,-25060,127.0,0
95333,998,20,63,-129360,-4410,-24220,128.0,0
95348,1090,-109,1,-115920,-980,-23660,126.0,0
95363,1070,-138,-19,-87290,560,-22960,126.0,0
95378,1035,-66,26,-54460,3990,-22190,126.0,0
95388,1061,-118,46,-36610,5040,-21210,127.0,0
95403,1003,-99,56,-20090,5600,-20650,127.0,0
95418,972,-85,52,1400,7420,-20370,127.0,0
95428,1018,31,76,8400,7630,-19110,133.0,0
95443,996,36,121,8680,7140,-18270,131.0,0
95458,1004,73,101,1960,5320,-17500,131.0,0
95468,1001,41,251,-420,4270,-17220,132.0,0
95483,1027,66,169,-2590,0,-17570,133.0,0
95498,1005,42,186,-3010,-280,-17570,133.0,0
95508,1001,5,120,-4130,-1680,-17850,136.0,0
95523,995,81,111,-6020,-3710,-17710,135.0,0
95538,1021,39,125,-6370,-4410,-17150,135.0,0
95548,1011,12,124,-6860,-4970,-16590,134.0,0
95563,998,48,84,-7140,-6020,-15610,133.0,0
95585,1031,21,118,-7700,-6090,-13510,138.0,0
95600,1055,33,107,-7700,-6790,-11270,137.0,0
95615,1048,27,108,-7700,-7140,-9730,137.0,0
95625,1029,27,101,-7840,-7490,-6930,137.0,0
95640,1007,37,98,-8190,-8050,-5180,137.0,0
95655,1001,40,111,-8470,-8890,-1820,137.0,0
95665,1003,19,109,-9100,-9450,-350,137.0,0
95680,984,30,139,-9590,-10220,1120,136.0,0
95702,957,-1,121,-9380,-12110,4970,137.0,0
95717,952,13,118,-9800,-13860,5950,137.0,0
95732,966,9,122,-9520,-15400,8820,137.0,0
95742,984,-4,125,-6160,-16100,10360,139.0,0
95757,998,0,111,-3010,-16660,12040,136.0,0
95772,996,-8,108,4060,-17150,15470,136.0,0
95782,994,-15,98,7140,-17150,16800,140.0,0
95797,989,5,87,9520,-17010,18060,136.0,0
95812,979,0,95,11900,-16240,20720,136.0,0
95822,964,13,80,11900,-15890,21560,134.0,0
95841,960,15,79,9240,-14490,22960,136.0,0
95856,972,23,97,6790,-13790,23730,135.0,0
95871,956,38,81,1470,-12950,24290,135.0,0
95881,937,24,86,-1540,-12320,24710,132.0,0
95896,922,23,106,-7910,-11830,24850,131.0,0
95911,921,44,118,-10570,-11970,25270,131.0,0
95921,946,23,135,-12250,-12250,25900,130.0,0
95936,967,18,152,-12390,-13440,27020,128.0,0
95951,979,28,152,-11270,-14280,28000,128.0,0
95961,991,25,149,-9520,-15190,29750,123.0,0
95976,984,14,99,-6370,-15960,30100,122.0,0
95991,974,16,98,-5180,-15190,30590,122.0,0
96001,963,14,101,-4270,-14980,31080,119.0,0
96016,1509,883,-1086,42140,-17220,24430,119.0,0
96031,889,370,530,127470,-11340,28490,119.0,0
96041,804,348,-27,139440,-11410,28420,119.0,0
96056,987,131,13,132090,-9870,23030,120.0,0
96071,949,45,77,117740,-8820,20440,120.0,0
96081,1055,87,105,106610,-7700,17360,117.0,0
96107,1034,209,154,69930,-6300,8260,117.0,0
96122,1004,231,184,57890,-6160,7140,117.0,0
96137,1000,208,185,36260,-6160,5110,117.0,0
96152,1009,197,199,25480,-6230,3990,115.0,0
96167,1005,143,173,5390,-6510,1820,115.0,0
96177,1010,110,140,-3780,-6510,560,116.0,0
96192,970,174,119,-11130,-6440,-910,115.0,0
96207,1069,41,84,-22260,-6230,-2310,115.0,0
96217,994,68,22,-26250,-5600,-2730,113.0,0
96232,1056,108,52,-31150,-5110,-3150,116.0,0
96247,1050,26,98,-31570,-6020,-3360,116.0,0
96257,1066,24,-12,-31780,-6370,-3570,114.0,0
96272,1081,126,-41,-32900,-4200,-2450,116.0,0
96287,1027,25,50,-32060,-3710,-1680,116.0,0
96297,1033,17,17,-31710,-3290,-1260,116.0,0
96312,1019,5,17,-31570,-2520,-1470,116.0,0
96327,1010,-4,28,-31430,-1890,-2170,116.0,0
96337,1025,19,18,-31570,-1540,-2240,114.0,0
96356,1045,31,5,-31290,280,-2310,116.0,0
96371,966,116,218,-29960,-490,-1330,114.0,0
96386,967,-10,173,-25200,-4130,1050,114.0,0
96396,1006,-59,46,-25760,-4200,-210,114.0,0
96411,1032,22,28,-26250,-3780,-1330,115.0,0
96426,1018,42,54,-23170,-4130,-490,115.0,0
96441,1012,2,30,-21000,-4620,350,115.0,0
96451,1028,5,10,-19390,-4690,700,115.0,0
96466,1016,10,32,-16660,-4690,910,116.0,0
96481,1009,-9,30,-14910,-5040,1330,116.0,0
96491,1015,-15,19,-13300,-4900,1260,114.0,0
96506,1028,7,6,-10780,-4760,1120,114.0,0
96521,1034,17,-6,-8890,-4130,1260,114.0,0
96531,1034,27,-17,-8540,-3430,1260,115.0,0
96546,1034,17,-13,-8400,-2660,1260,117.0,0
96561,1036,17,-17,-8750,-1050,700,117.0,0
96571,1030,19,7,-9100,-350,350,115.0,0
96586,1023,29,20,-9310,210,70,114.0,0
96601,1031,62,12,-9660,910,210,114.0,0
96618,1030,64,27,-10710,1680,560,114.0,0
96633,1021,39,37,-11480,1890,490,114.0,0
96648,1022,51,36,-13160,2240,280,116.0,0
96663,1011,43,49,-14000,2590,-70,115.0,0
96678,1031,59,21,-16380,2870,-350,115.0,0
96688,1028,74,28,-17920,3360,-560,117.0,0
96722,1024,62,36,-22190,4620,-560,117.0,0
96737,1005,30,82,-22820,4550,-630,117.0,0
96752,1020,31,-13,-21210,3710,-700,115.0,0
96767,1016,-99,-17,-16100,3220,280,116.0,0
96782,1004,-126,5,-1680,2380,1680,116.0,0
96792,1009,11,72,3920,2170,1960,115.0,0
96807,1016,138,87,3430,2170,1330,120.0,0
96822,1026,-6,27,630,2100,1820,117.0,0
96837,1022,1,36,2030,2730,1610,117.0,0
96847,1032,48,17,1680,3500,1540,117.0,0
96862,1046,39,-15,1260,4410,1540,116.0,0
96881,1049,52,-17,1400,6650,1750,118.0,0
96896,1052,65,-2,980,9030,2240,118.0,0
96906,1043,45,12,700,9940,2170,114.0,0
96921,1039,21,11,910,10780,2030,117.0,0
96936,1038,63,42,1330,12250,2240,117.0,0
96946,1025,63,51,1050,12740,2520,118.0,0
96961,1026,53,51,840,13580,3080,118.0,0
96976,1030,30,43,840,14070,3220,118.0,0
96986,1018,22,77,980,14420,3150,119.0,0
97001,1007,20,100,910,14350,2590,121.0,0
97016,999,-3,120,630,14070,2030,121.0,0
97026,993,-5,137,700,13650,1400,120.0,0
97041,989,32,161,980,12110,490,125.0,0
97056,987,48,161,770,11200,420,125.0,0
97066,986,53,168,700,10290,700,121.0,0
97081,984,50,178,630,8400,910,122.0,0
97096,980,41,186,700,6090,1190,122.0,0
97106,974,28,197,770,4830,910,123.0,0
97121,981,15,190,910,3570,560,125.0,0
97143,983,56,190,1330,1050,630,122.0,0
97158,984,45,187,1330,-1400,840,124.0,0
97173,982,43,186,1890,-3640,1330,124.0,0
97183,981,49,186,1890,-4620,1470,122.0,0
97198,989,39,167,1890,-5530,1610,122.0,0
97213,993,28,131,2030,-6860,1400,122.0,0
97223,1004,29,117,2100,-7210,1260,125.0,0
97238,1012,34,108,2030,-7280,1050,119.0,0
97253,1022,37,72,1960,-6930,840,119.0,0
97263,1028,41,73,1960,-6510,840,118.0,0
97278,1025,53,79,1960,-5740,1190,123.0,0
97293,1018,67,93,1960,-5600,1610,123.0,0
97303,1007,54,119,1820,-5530,1960,120.0,0
97318,1004,42,125,2030,-6090,2310,121.0,0
97333,994,33,152,2100,-6650,2240,121.0,0
97343,989,35,159,2310,-7490,2170,121.0,0
97358,983,20,190,2170,-9800,1680,119.0,0
97373,962,8,207,2170,-11200,700,119.0,0
97387,961,44,167,2380,-13930,420,124.0,0
97402,987,73,156,2660,-15330,910,119.0,0
97417,974,68,175,2240,-17920,1260,119.0,0
97432,996,70,128,2450,-20020,2310,119.0,0
97442,1005,69,99,2100,-20580,2520,120.0,0
97457,1010,30,77,1750,-20860,2380,120.0,0
97472,1037,23,17,1610,-20440,1890,117.0,0
97487,1029,1,5,1470,-19600,1400,117.0,0
97497,1049,14,-31,1750,-18410,910,115.0,0
97512,1083,46,-143,1890,-14490,490,119.0,0
97527,1089,46,-128,1820,-11830,770,119.0,0
97537,1088,59,-130,1960,-6300,1120,116.0,0
97552,1087,55,-132,1680,-3500,1400,116.0,0
97567,1079,33,-107,1750,1470,1610,116.0,0
97577,1067,28,-84,1960,3570,1610,115.0,0
97592,1059,186,-79,2660,5740,2730,118.0,0
97607,1034,160,54,-1190,7770,4410,118.0,0
97617,1007,0,117,350,7420,4690,116.0,0
97632,975,-9,161,1750,6370,3150,116.0,0
97654,983,61,146,1610,2100,3010,117.0,0
97669,967,23,183,1400,350,2940,116.0,0
97684,971,31,156,1960,-3150,2870,116.0,0
97694,979,38,130,1610,-4620,2660,118.0,0
97718,1004,-6,77,1260,-6300,1890,114.0,0
97733,1013,3,19,2030,-6510,700,116.0,0
97748,1030,28,15,2310,-6160,-210,117.0,0
97763,1033,22,5,2030,-4830,-490,117.0,0
97773,1028,27,20,2170,-4130,-630,117.0,0
97788,1019,41,46,2450,-3570,-700,116.0,0
97803,1013,83,61,2450,-3640,-280,116.0,0
97813,1009,100,72,2380,-3920,280,114.0,0
97828,1003,102,83,1750,-4830,1890,116.0,0
97843,1005,74,81,1470,-5390,2520,116.0,0
97853,1007,58,75,1470,-5810,3150,115.0,0
97868,1016,17,48,1120,-6370,2870,113.0,0
97883,1016,11,45,1260,-6440,2380,113.0,0
97897,1024,38,24,1750,-6300,2030,117.0,0
97912,1023,24,20,1540,-5740,1540,116.0,0
97927,1018,33,34,1820,-5530,1330,113.0,0
97942,1020,43,32,1750,-5320,1190,113.0,0
97952,1020,47,36,1750,-5390,1260,116.0,0
97967,1052,65,5,1820,-5390,1190,115.0,0
97982,1026,76,27,1470,-4620,1820,115.0,0
97992,1023,32,17,1540,-4130,2030,118.0,0
98007,1024,53,13,1680,-3920,2310,114.0,0
98022,1026,44,-2,1470,-2660,2450,114.0,0
98032,1024,34,8,1470,-2030,2520,115.0,0
98047,1026,32,1,1470,-980,2310,115.0,0
98062,1024,31,11,1540,-560,2240,115.0,0
98072,1022,38,16,1610,-280,2100,115.0,0
98087,1021,46,29,1540,210,2100,115.0,0
98102,1017,51,34,1470,420,2240,114.0,0
98117,1014,47,55,1400,210,2380,114.0,0
98127,1011,51,64,1260,-140,2380,114.0,0
98142,1008,51,70,1260,-1190,2450,115.0,0
98164,1005,36,81,1680,-2450,2520,115.0,0
98179,1005,81,84,1750,-3220,2800,115.0,0
98189,1006,79,86,1820,-3990,3360,118.0,0
98204,1005,66,90,1610,-5530,4480,116.0,0
98219,1013,52,64,1680,-6930,4970,116.0,0
98229,1013,33,58,1750,-7350,4830,114.0,0
98244,1022,20,12,1820,-7350,4620,112.0,0
98259,1023,16,13,1820,-6790,3990,112.0,0
98269,1027,18,-16,1610,-6020,3640,118.0,0
98284,1030,-10,-16,1960,-5110,3080,114.0,0
98299,1031,11,-65,1680,-3290,1960,114.0,0
98314,1033,-4,-39,1820,-2100,910,114.0,0
98324,1030,14,-22,1750,-1050,420,116.0,0
98339,1026,33,-8,1680,560,280,115.0,0
98354,1023,41,2,1610,1540,210,115.0,0
98364,1019,48,8,1540,1820,350,113.0,0
98379,1014,53,37,1540,1890,630,116.0,0
98394,1012,53,49,1540,1470,980,116.0,0
98408,1009,56,69,1540,910,1190,112.0,0
98423,1008,58,75,1610,-350,1680,113.0,0
98438,1006,57,80,1610,-1050,1890,115.0,0
98453,1007,51,70,1540,-2520,2310,115.0,0
98463,1008,41,67,1540,-3150,2310,115.0,0
98478,1013,34,54,1540,-3640,2310,115.0,0
98493,1018,36,44,1750,-4410,2170,115.0,0
98503,1021,46,16,1960,-4550,2170,115.0,0
98518,1023,48,4,2170,-3990,2450,113.0,0
98533,1021,52,-8,2730,-3360,2660,113.0,0
98543,1023,53,-12,3220,-2660,3010,115.0,0
98558,1022,57,-36,1540,-1610,3500,113.0,0
98573,1026,37,-15,1470,-700,3640,113.0,0
98583,1026,32,-20,1470,0,3570,115.0,0
98598,1025,33,-1,1400,1190,3500,113.0,0
98613,1022,41,2,1330,1890,3360,113.0,0
98623,1017,55,11,1540,1890,3430,116.0,0
98638,1064,77,38,1540,1960,3920,114.0,0
98653,1017,99,32,1050,1960,5250,115.0,0
98675,1016,56,50,-1050,1820,5530,115.0,0
98690,1010,58,49,-2660,1750,5040,115.0,0
98700,1020,42,53,-5950,1820,4620,113.0,0
98724,1021,38,27,-8540,1960,3990,116.0,0
98739,1022,26,25,-10500,2450,3290,117.0,0
98754,1015,16,29,-11410,2730,2660,115.0,0
98769,1018,15,17,-12880,3290,1680,115.0,0
98779,1023,21,16,-13510,3640,1260,117.0,0
98794,1024,16,15,-13930,3920,840,115.0,0
98809,1022,20,11,-14420,4760,210,115.0,0
98819,1020,20,21,-14560,5250,-70,118.0,0
98834,1019,23,33,-14560,5740,-350,117.0,0
98849,1019,36,40,-14070,5810,-280,117.0,0
98859,1018,34,48,-13720,5810,-140,118.0,0
98874,1018,28,48,-13160,5670,-70,114.0,0
98889,1011,12,56,-13090,5670,-280,114.0,0
98899,1011,8,55,-13230,5600,-630,119.0,0
98914,1013,26,57,-13650,5670,-1400,116.0,0
98932,1015,34,87,-13860,5530,-1750,119.0,0
98947,1029,9,0,-12460,5110,-1330,119.0,0
98957,1014,-29,19,-7700,4550,210,119.0,0
98972,1007,0,83,3080,3780,2520,115.0,0
98987,1010,83,87,3570,3640,1750,115.0,0
98997,1017,82,77,1610,3290,1960,119.0,0
99012,1020,36,52,1540,3360,2520,117.0,0
99027,1022,48,53,1400,3780,2660,117.0,0
99037,1022,52,54,1330,3920,2870,116.0,0
99052,1020,41,59,1400,4060,3010,121.0,0
99067,1021,34,54,1330,4550,3010,117.0,0
99082,1021,20,57,1330,4830,2870,117.0,0
99092,1019,5,59,1330,5110,2030,122.0,0
99107,1019,16,62,1610,5460,1680,120.0,0
99122,1018,37,67,1750,5950,1400,120.0,0
99132,1019,48,68,1540,6090,1470,121.0,0
99147,1014,38,79,1330,6300,1540,120.0,0
99162,1018,31,73,1540,6510,1610,120.0,0
99172,1021,27,72,1750,6510,1540,122.0,0
99191,1015,69,85,1750,6580,2170,119.0,0
99206,1011,63,99,1190,6510,2590,121.0,0
99221,1008,28,120,1820,5810,3290,121.0,0
99231,1003,73,107,2100,5530,3570,120.0,0
99246,1014,75,101,1750,5250,4340,121.0,0
99261,1013,30,101,1610,4830,4620,121.0,0
99271,1019,33,87,1820,4760,4620,122.0,0
99286,1020,25,89,1470,4830,4130,121.0,0
99301,1004,9,118,1610,4760,3920,121.0,0
99311,1003,16,124,1680,4620,3570,122.0,0
99326,1013,27,91,1680,4270,3220,122.0,0
99341,1018,36,93,1470,4340,3220,122.0,0
99351,1014,31,102,1330,4480,3150,122.0,0
99366,1024,26,85,1330,4760,3080,125.0,0
99381,1023,20,87,1470,5040,2800,125.0,0
99391,1017,26,99,1610,5320,2730,123.0,0
99406,1020,35,92,1260,5600,2730,124.0,0
99421,1021,31,97,1190,6160,2730,124.0,0
99431,1021,32,91,1190,6440,2800,123.0,0
99453,1014,17,114,980,6930,2590,123.0,0
99468,1012,27,120,1330,6930,2590,123.0,0
99483,1009,42,134,1190,6860,2730,127.0,0
99498,1001,33,149,1260,6160,2940,127.0,0
99508,1000,32,155,1400,5740,3080,124.0,0
99523,1003,35,151,1330,5250,3150,126.0,0
99538,998,15,158,1260,4410,3010,126.0,0
99548,997,16,147,1190,4060,2730,124.0,0
99563,1006,17,143,1120,3850,2240,124.0,0
99578,1000,24,157,1260,3080,2030,124.0,0
99588,998,31,163,1330,2730,2030,125.0,0
99603,997,30,166,1120,1820,1890,125.0,0
99618,992,19,174,1330,1260,1820,125.0,0
99628,994,35,175,1610,700,1820,125.0,0
99643,998,41,157,1680,-420,2030,125.0,0
99658,1002,27,156,1680,-770,2170,124.0,0
99673,1002,34,145,1610,-1400,2100,124.0,0
99683,1010,31,136,1680,-1610,2100,124.0,0
99702,1009,23,147,1610,-1820,2100,124.0,0
99726,1010,30,136,1750,-2100,1890,126.0,0
99741,1020,36,117,1680,-2030,1960,124.0,0
99756,1020,37,115,1680,-1540,2240,123.0,0
99771,1013,29,132,1750,-1330,2310,123.0,0
99781,1013,28,127,1750,-1260,2310,126.0,0
99796,1010,8,133,1400,-1260,1750,124.0,0
99811,999,14,157,1820,-1470,1540,124.0,0
99821,1004,43,151,2030,-1680,1400,125.0,0
99836,1014,43,123,1330,-1890,1750,122.0,0
99851,1016,24,121,1400,-1750,2100,122.0,0
99861,1019,34,118,1750,-1610,2310,123.0,0
99876,1021,44,116,1540,-1190,2450,127.0,0
99891,1013,21,129,1400,-770,2450,127.0,0
99901,1009,12,135,1750,-910,2240,126.0,0
99916,1007,34,138,1890,-1050,2100,125.0,0
99931,1023,47,109,1750,-770,2240,125.0,0
99941,1023,29,102,1680,-420,2170,125.0,0
99964,1023,25,102,1680,560,1890,125.0,0
99979,1022,13,107,1330,1540,1400,125.0,0
99994,1017,3,119,1540,1820,980,125.0,0
100009,1016,52,133,1330,2380,630,125.0,0
100019,1022,20,137,1050,2590,560,125.0,0
100034,1012,31,128,1050,2520,840,123.0,0
100049,997,46,173,1260,2240,1050,123.0,0
100059,994,29,174,1120,1960,1120,126.0,0
100074,997,15,171,1470,770,1120,124.0,0
100089,993,38,183,1610,280,1050,124.0,0
100099,992,44,184,1400,-280,1050,126.0,0
100114,988,33,186,1470,-1680,1260,129.0,0
100129,993,40,184,1610,-2380,1470,129.0,0
100139,989,38,192,1610,-3150,1680,126.0,0
100154,985,28,195,1960,-4620,1820,125.0,0
100169,992,47,180,2030,-5950,2100,125.0,0
100179,999,52,168,2100,-6580,2450,124.0,0
100194,979,32,205,2240,-7350,2590,125.0,0
100213,1004,60,156,2590,-8890,3220,125.0,0
100228,1003,20,151,2100,-9800,2940,125.0,0
100238,993,2,169,2940,-10430,3010,123.0,0
100253,1029,93,120,2660,-10920,3010,122.0,0
100268,1003,13,143,2660,-11270,3990,124.0,0
100283,1020,16,88,2590,-10990,3710,124.0,0
100293,1027,13,93,3290,-10920,3710,125.0,0
100308,1053,10,26,4340,-9660,3640,122.0,0
100323,1044,13,58,4830,-7910,3640,122.0,0
100333,1014,-3,78,5950,-7350,3430,122.0,0
100348,1060,60,18,5670,-6160,3290,121.0,0
100363,1086,76,21,2870,-2940,3080,121.0,0
100373,1060,56,58,280,-1260,2520,122.0,0
100388,1039,42,51,-3220,560,1470,121.0,0
100403,1026,62,132,-11690,3150,-1050,121.0,0
100413,1033,66,78,-15400,4060,-1820,123.0,0
100428,1040,81,121,-18830,4830,-3220,123.0,0
100443,987,-124,97,-15470,3990,-2450,123.0,0
100453,981,-172,92,-7560,2870,-1470,123.0,0
100475,981,104,214,5390,560,-1470,123.0,0
100490,983,-19,189,-1330,-1750,-1820,123.0,0
100505,995,-120,147,-560,-3710,-2660,123.0,0
100520,985,82,197,3010,-4690,-2940,123.0,0
100530,995,57,166,1050,-5670,-3430,121.0,0
100545,1010,77,144,770,-7000,-2660,123.0,0
100560,945,-11,290,420,-8540,-3150,123.0,0
100570,995,20,214,-1610,-10080,-4410,124.0,0
100585,988,-100,16,-1120,-11900,-6440,122.0,0
100600,1209,-118,-30,-5320,-11060,-13300,122.0,0
100610,1095,-83,-26,-7630,-10570,-17500,124.0,0
100625,1000,131,23,-14840,-7910,-19810,121.0,0
100640,1044,131,73,-16170,-5110,-18760,121.0,0
100650,1003,219,-18,-15050,-4060,-15610,120.0,0
100665,1004,262,41,-12460,-2240,-11690,123.0,0
100680,1019,197,3,-8470,1120,-4760,123.0,0
100690,1037,192,9,-6650,2730,-1750,122.0,0
100705,1019,193,31,-4970,4480,1120,124.0,0
100734,895,51,275,-3150,3710,3220,125.0,0
100749,949,124,40,-4690,2940,3780,121.0,0
100764,1134,79,-71,-1400,7700,8190,123.0,0
100779,1011,-55,149,8820,9170,9170,125.0,0
100794,888,0,400,5600,4760,4900,125.0,0
100804,841,49,449,3710,420,4270,125.0,0
100819,947,243,157,5180,-1470,6510,125.0,0
100834,1021,185,61,13510,-280,14700,125.0,0
100844,1040,88,79,15260,630,16100,124.0,0
100859,1045,-131,78,13930,1050,10640,124.0,0
100874,1093,-40,5,6650,840,6510,124.0,0
100884,1057,22,60,5740,1470,4410,122.0,0
100899,985,79,175,5880,1470,4060,124.0,0
100914,1027,0,85,5670,1610,3990,124.0,0
100924,1081,-24,12,5600,2310,3360,123.0,0
100939,1068,10,19,5950,4620,2170,123.0,0
100954,995,45,150,5320,4900,1610,123.0,0
100964,1002,38,158,4130,4550,980,123.0,0
100983,1009,39,136,2590,3570,-210,123.0,0
100998,1002,62,159,2590,2940,-350,124.0,0
101013,997,49,160,2800,2660,-350,124.0,0
101023,1002,36,145,2590,2310,-700,127.0,0
101038,1002,49,155,2030,1610,-910,124.0,0
101053,992,38,177,1470,350,-1400,124.0,0
101063,992,34,184,1260,-490,-1820,124.0,0
101078,989,51,180,1540,-1190,-1820,128.0,0
101093,984,49,177,2940,-2520,-1470,128.0,0
101103,992,40,146,3990,-2940,-1190,126.0,0
101118,1020,36,118,5600,-2870,-840,126.0,0
101133,1011,87,136,9240,-2100,700,127.0,0
101148,995,103,136,10780,-1750,3080,127.0,0
101158,996,110,138,12040,-1470,4270,124.0,0
101173,1002,90,138,13650,-1330,5390,125.0,0
101188,1015,28,126,12880,-1400,5180,125.0,0
101198,1031,27,102,12390,-1400,4550,124.0,0
101213,1014,18,124,11900,-1260,3990,126.0,0
101228,1007,19,162,10640,-1680,2310,126.0,0
101246,1001,26,162,11690,-2380,1820,124.0,0
101261,1022,32,113,12950,-2170,1890,124.0,0
101276,1032,36,90,16030,-1050,2800,125.0,0
101291,1015,86,99,16590,-420,3150,122.0,0
101306,1011,107,104,14420,0,3220,122.0,0
101316,1014,118,108,12180,-280,3010,122.0,0
101331,1001,132,119,9660,-1050,2590,126.0,0
101346,1009,115,107,4130,-1330,2380,126.0,0
101356,1020,89,100,1540,-1540,1960,125.0,0
101371,1020,72,105,-2450,-1890,980,124.0,0
101386,1010,50,131,-3360,-1960,490,124.0,0
101396,1014,43,128,-3500,-1890,420,124.0,0
101411,1020,21,119,-1680,-1260,560,122.0,0
101426,1013,20,136,-560,-910,350,122.0,0
101436,1008,19,148,420,-840,140,122.0,0
101451,1000,7,175,2520,-1260,0,123.0,0
101466,994,20,181,5320,-2310,-140,123.0,0
101476,992,13,187,6930,-2800,-140,122.0,0
101491,990,29,184,8680,-3290,0,122.0,0
101511,1000,22,164,11760,-4200,350,123.0,0
101526,1008,14,163,14140,-4900,140,123.0,0
101536,1000,38,174,15260,-5320,140,125.0,0
101551,990,41,169,16520,-5810,350,125.0,0
101566,1005,14,154,18620,-6580,140,123.0,0
101581,999,47,147,19180,-7490,-280,123.0,0
101591,994,55,152,20090,-7840,-490,123.0,0
101606,1012,56,114,20020,-8190,-700,122.0,0
101621,1015,78,100,19670,-8260,-840,122.0,0
101631,1016,89,78,19180,-8120,-770,122.0,0
101646,1029,107,60,18340,-7770,-770,122.0,0
101661,1037,115,12,16660,-6090,-140,122.0,0
101671,1047,122,11,15610,-4970,140,121.0,0
101686,1040,133,22,14070,-2870,490,122.0,0
101701,1035,145,24,9870,-2030,560,122.0,0
101711,1031,150,35,7140,-1400,630,122.0,0
101747,1018,103,79,-3850,-280,140,121.0,0
101766,1016,77,120,-4480,-70,420,125.0,0
101781,1002,56,132,-3290,70,1260,125.0,0
101796,1013,49,117,280,350,1680,123.0,0
101811,1002,57,138,1820,70,2100,124.0,0
101826,1001,84,129,2520,-280,2170,124.0,0
101836,1010,80,110,2030,-700,2030,121.0,0
101851,1010,78,111,770,-1260,1540,121.0,0
101866,1004,72,123,140,-1540,1260,123.0,0
101881,1013,63,108,-70,-1750,770,123.0,0
101891,1019,53,114,280,-1750,700,124.0,0
101906,1008,50,121,980,-1680,560,123.0,0
101921,1024,64,88,2940,-1260,770,123.0,0
101931,1018,74,92,3990,-910,1050,122.0,0
101946,1012,97,95,4130,-420,1120,125.0,0
101961,1022,126,66,1890,-210,1050,125.0,0
101971,1020,129,61,-210,0,910,123.0,0
101986,1022,126,60,-5390,350,140,124.0,0
102001,1023,111,69,-7700,560,-280,124.0,0
102018,1018,79,95,-10570,910,-840,123.0,0
102033,1019,67,100,-10570,1260,-840,122.0,0
102048,1003,65,130,-9450,1470,-560,126.0,0
102063,1004,57,137,-6720,1470,70,122.0,0
102078,999,66,144,-5110,1260,490,122.0,0
102088,990,67,156,-3710,1120,840,119.0,0
102103,996,60,149,-1750,420,1330,123.0,0
102118,999,58,157,-980,-70,1470,123.0,0
102128,987,65,168,-210,-1330,1610,124.0,0
102143,997,55,159,2170,-1890,1820,122.0,0
102158,1010,46,137,5180,-2380,2310,122.0,0
102168,1008,45,139,6300,-2660,2380,125.0,0
102183,993,88,145,7070,-2940,2660,122.0,0
102198,1007,78,100,7630,-3290,3010,122.0,0
102208,1021,91,88,7700,-3290,3010,122.0,0
102223,1013,96,94,7700,-2940,3150,121.0,0
102238,1044,90,40,6510,-1750,3010,121.0,0
102248,1041,97,44,5250,-1120,2660,124.0,0
102263,1022,122,69,3150,-560,1540,122.0,0
102282,1018,128,76,-2310,-350,840,123.0,0
102297,1020,89,88,-6440,-280,420,123.0,0
102307,1018,79,103,-7350,-140,210,121.0,0
102322,1010,74,114,-7070,70,210,126.0,0
102337,1003,61,137,-6230,70,420,126.0,0
102347,1005,65,134,-5110,-70,630,123.0,0
102362,1000,65,153,-2310,-280,1400,126.0,0
102377,1006,56,132,-1050,-420,1890,127.0,0
102392,1008,52,133,980,-630,1890,127.0,0
102402,1011,72,126,1190,-840,1610,122.0,0
102417,1006,79,120,1120,-1190,1260,123.0,0
102432,1003,73,137,770,-1540,1050,123.0,0
102442,1005,77,126,770,-1750,840,126.0,0
102457,1011,77,120,2030,-1680,1260,122.0,0
102472,1000,93,128,2520,-1680,1470,122.0,0
102482,1000,102,127,2730,-1820,1750,125.0,0
102497,1013,88,109,2170,-2170,1820,122.0,0
102512,1009,92,119,1960,-2240,1960,122.0,0
102522,1005,88,122,2030,-2170,2240,124.0,0
102544,1018,81,114,3710,-1750,2730,123.0,0
102559,1006,82,123,3710,-1680,2450,125.0,0
102574,1017,79,103,2590,-1960,2100,123.0,0
102589,1010,88,111,1890,-2100,1610,123.0,0
102599,1009,94,110,1260,-2030,1540,122.0,0
102614,1018,92,92,770,-1820,1680,124.0,0
102629,1015,94,99,630,-1190,1960,124.0,0
102639,1019,85,97,420,-980,1960,122.0,0
102654,1015,80,106,70,-770,1820,125.0,0
102669,1008,67,116,-280,-770,1680,125.0,0
102679,1011,62,103,-490,-700,1400,125.0,0
102694,1017,77,105,-700,-700,910,122.0,0
102709,992,93,147,-1470,-1120,770,122.0,0
102719,997,89,134,-1960,-1540,630,123.0,0
102743,1004,69,135,-1820,-2450,700,123.0,0
102758,1008,70,125,-630,-2590,840,122.0,0
102773,1010,63,122,1540,-2450,1260,125.0,0
102792,1011,75,112,3710,-1890,1890,123.0,0
102807,1031,74,78,4270,-1540,2030,123.0,0
102817,1025,88,81,4200,-1190,1890,123.0,0
102832,1016,106,87,2240,-770,1400,124.0,0
102847,1022,102,79,910,-560,1120,124.0,0
102857,1025,100,77,-420,-350,630,123.0,0
102872,1012,110,102,-2380,0,560,123.0,0
102887,1009,104,105,-3010,350,630,123.0,0
102897,1016,99,93,-3640,560,630,122.0,0
102912,1013,86,110,-4270,700,700,126.0,0
102927,1014,78,108,-4410,1050,560,126.0,0
102937,1020,88,85,-4200,1470,630,125.0,0
102952,1025,87,85,-4200,1960,700,126.0,0
102967,1022,115,91,-5530,2660,490,126.0,0
102982,1011,117,100,-6790,2800,140,126.0,0
102992,1005,111,115,-8120,2870,-140,122.0,0
103007,1014,90,115,-10500,2590,-350,128.0,0
103022,1008,79,129,-11060,2380,-630,128.0,0
103032,1004,80,135,-10990,2380,-630,124.0,0
103054,1003,73,140,-10710,2170,-840,125.0,0
103069,1007,74,140,-10780,1890,-1190,122.0,0
103084,1009,60,136,-10360,1680,-1470,122.0,0
103094,1007,62,155,-9870,1610,-1610,128.0,0
103109,1001,64,154,-7980,1400,-1610,127.0,0
103124,1010,55,139,-6650,1470,-1470,127.0,0
103134,1010,61,144,-5180,1540,-1260,127.0,0
103149,1006,70,132,-3360,1820,-1190,127.0,0
103164,1011,77,128,-2800,1890,-1330,125.0,0
103179,1013,87,129,-3220,1820,-1750,125.0,0
103189,1011,92,129,-3780,1820,-2100,127.0,0
103204,1005,95,138,-4550,1470,-3080,128.0,0
103219,1003,96,146,-6930,980,-3640,128.0,0
103229,1003,90,157,-8050,560,-4130,128.0,0
103244,999,84,161,-9660,-560,-5320,127.0,0
103259,1007,83,147,-10010,-840,-5740,127.0,0
103269,1002,86,151,-10010,-1050,-5950,128.0,0
103284,1002,73,146,-9520,-1260,-6230,126.0,0
103306,996,94,166,-8260,-1330,-6300,126.0,0
103321,1003,71,162,-6860,-1680,-6300,130.0,0
103336,1003,105,149,-5600,-1610,-5950,130.0,0
103346,997,100,160,-4130,-1470,-5390,130.0,0
103361,994,105,138,-1820,-1330,-4550,130.0,0
103376,1028,83,103,-700,-910,-4200,130.0,0
103386,1031,73,107,210,350,-4340,130.0,0
103401,1022,171,125,-490,980,-4340,129.0,0
103416,998,174,107,-6580,630,-5460,129.0,0
103426,985,199,127,-10640,70,-6230,130.0,0
103441,1015,178,99,-14700,-420,-6930,131.0,0
103456,1034,146,86,-22680,-1050,-9310,131.0,0
103466,1024,158,101,-26740,-1330,-10570,131.0,0
103481,998,197,109,-30450,-1470,-12040,131.0,0
103496,1028,168,74,-36890,-1540,-12460,131.0,0
103506,1041,146,62,-39200,-1120,-12950,130.0,0
103521,1037,136,64,-41300,210,-14140,131.0,0
103536,1027,168,78,-44940,980,-14490,131.0,0
103550,1025,173,91,-46480,2240,-14350,133.0,0
103565,998,129,182,-48650,3570,-13930,132.0,0
103580,1012,163,144,-52710,3290,-14980,131.0,0
103595,992,109,201,-52570,4130,-14350,131.0,0
103605,991,163,145,-54600,3430,-14980,134.0,0
103620,993,152,192,-56770,2800,-15470,134.0,0
103635,976,168,185,-57540,2310,-15190,134.0,0
103645,993,137,181,-57400,2310,-14840,133.0,0
103660,994,91,202,-54880,2450,-14350,136.0,0
103675,996,83,200,-49840,2800,-13440,136.0,0
103685,1001,86,196,-46060,3360,-12530,133.0,0
103700,968,111,249,-41860,3780,-11270,135.0,0
103715,961,109,254,-33110,4130,-8540,138.0,0
103730,982,90,252,-28210,4340,-7070,138.0,0
103748,950,104,301,-18340,3990,-4200,138.0,0
103763,956,116,262,-10430,3500,-2030,133.0,0
103778,968,134,257,-7140,3290,-1050,139.0,0
103793,970,152,236,-2730,2660,350,139.0,0
103811,982,128,233,210,2380,1050,142.0,0
103826,988,134,221,1470,2310,1190,142.0,0
103841,990,118,207,4480,2660,1470,138.0,0
103856,1000,126,201,6090,2940,1750,138.0,0
103871,985,166,207,8260,3430,1820,138.0,0
103881,981,183,204,8540,3500,1820,137.0,0
103896,983,190,204,7840,3430,2030,139.0,0
103911,979,184,216,7210,3150,2170,139.0,0
103921,984,175,206,6510,3080,2100,139.0,0
103936,983,185,215,5810,2870,2310,138.0,0
103951,982,188,209,5320,2800,2240,138.0,0
103961,982,201,202,4760,2730,2240,139.0,0
103976,985,197,180,2940,2730,2380,141.0,0
103991,999,183,183,1610,2800,1890,140.0,0
104006,993,179,188,-1470,2800,1470,140.0,0
104016,989,180,197,-2590,2940,1050,140.0,0
104031,983,179,211,-3920,3010,770,138.0,0
104046,989,162,209,-3990,3290,700,138.0,0
104060,992,160,209,-3570,3640,910,141.0,0
104075,988,164,216,-3430,3780,910,141.0,0
104090,974,183,233,-4200,3640,700,140.0,0
104105,986,171,222,-5180,3290,420,140.0,0
104115,983,175,225,-5950,2940,70,140.0,0
104130,985,164,222,-7140,2730,-140,141.0,0
104145,988,160,222,-7490,2590,-420,141.0,0
104155,973,171,240,-7700,2520,-490,140.0,0
104170,974,153,256,-7770,2170,-700,144.0,0
104185,974,150,256,-6370,1540,-420,144.0,0
104195,967,144,271,-5110,1260,-140,140.0,0
104210,962,152,277,-3500,980,350,142.0,0
104225,974,148,257,210,770,1540,142.0,0
104235,977,159,267,1890,630,2240,142.0,0
104250,965,159,269,3220,490,2940,141.0,0
104265,984,138,249,5040,280,3150,141.0,0
104275,992,150,216,5530,280,3010,143.0,0
104290,994,154,226,5600,350,2800,143.0,0
104305,979,184,220,5180,490,2730,143.0,0
104323,976,186,238,3570,560,2380,142.0,0
104338,974,188,230,1610,350,1960,142.0,0
104353,983,173,231,1190,140,1890,143.0,0
104368,979,159,257,1470,70,2030,143.0,0
104383,967,155,279,2240,-210,2170,143.0,0
104393,952,166,289,3430,-560,2520,139.0,0
104408,954,136,283,5950,-1400,3220,144.0,0
104423,980,136,255,7420,-1820,4060,144.0,0
104433,982,125,262,9380,-1960,4410,141.0,0
104448,969,160,236,12740,-1960,4760,141.0,0
104463,974,149,245,15050,-980,5180,141.0,0
104473,992,148,238,15260,-700,5180,142.0,0
104488,999,168,212,15400,0,5530,142.0,0
104503,982,201,200,10990,-490,4410,142.0,0
104513,968,230,185,7840,-420,3850,141.0,0
104528,1003,222,168,4130,-630,2450,140.0,0
104543,1004,195,186,-2520,-980,1890,142.0,0
104558,1010,189,166,-5180,-700,770,142.0,0
104574,990,165,212,-8890,-490,140,143.0,0
104589,1003,149,203,-10290,70,-770,142.0,0
104604,991,136,226,-9660,490,-770,142.0,0
104619,987,123,223,-7280,1680,-840,142.0,0
104629,997,140,228,-5740,2310,-700,143.0,0
104644,981,151,242,-4270,2800,-280,143.0,0
104659,992,157,238,-2940,3220,-210,143.0,0
104669,980,168,247,-2940,3080,-210,143.0,0
104684,945,205,283,-4480,2310,-420,143.0,0
104699,965,171,270,-5320,1610,-280,143.0,0
104709,989,150,251,-5950,980,-420,142.0,0
104724,966,180,295,-6090,70,-350,144.0,0
104739,954,180,287,-6020,-350,-140,144.0,0
104757,963,161,278,-5040,-1260,490,143.0,0
104772,976,143,256,-2310,-1470,1400,143.0,0
104787,979,138,260,0,-1050,2170,143.0,0
104802,973,127,266,4620,-490,3220,142.0,0
104817,987,129,252,6650,70,3920,142.0,0
104835,971,153,269,9520,70,3990,143.0,0
104850,968,169,251,9800,-280,3920,143.0,0
104865,977,173,252,9310,-1050,3360,146.0,0
104880,966,196,254,6930,-1470,3010,143.0,0
104895,961,200,263,4270,-2240,2590,143.0,0
104905,966,190,256,3290,-2520,2450,145.0,0
104920,984,173,235,2800,-2660,2380,147.0,0
104935,975,171,258,2380,-2870,2380,147.0,0
104945,970,170,247,2380,-2940,2450,144.0,0
104960,985,161,237,2870,-2870,2730,146.0,0
104975,977,170,247,4060,-2520,3150,146.0,0
104985,978,182,238,4410,-2380,3360,142.0,0
105000,976,181,243,4550,-2380,3780,146.0,0
105015,978,182,240,3220,-2590,3640,146.0,0
105025,968,194,255,2100,-3010,3430,144.0,0
105040,959,220,269,-280,-3850,3360,143.0,0
105055,977,185,258,-910,-4130,3500,143.0,0
105065,987,144,234,-1540,-4410,3500,142.0,0
105080,988,176,250,-1260,-4200,3710,141.0,0
105099,971,159,234,-1050,-4130,3640,144.0,0
105114,996,150,216,-700,-3990,3990,144.0,0
105124,994,127,227,70,-3640,3920,141.0,0
105139,994,116,234,2030,-2800,3710,143.0,0
105154,989,119,240,3780,-1890,4200,143.0,0
105164,988,110,248,8050,-1470,4410,141.0,0
105179,991,109,247,10010,-1330,4550,142.0,0
105194,988,128,237,13440,-630,4970,144.0,0
105209,977,135,256,14700,-490,5180,144.0,0
105219,973,149,255,15120,-560,4970,141.0,0
105234,985,167,223,14630,-700,4690,140.0,0
105249,972,177,244,13790,-910,3920,140.0,0
105259,976,197,232,12180,-1610,3710,139.0,0
105274,981,195,222,9450,-1750,3570,145.0,0
105289,972,197,234,7350,-1890,3570,145.0,0
105299,977,182,234,6580,-1960,3500,139.0,0
105314,983,168,231,6230,-1960,3640,140.0,0
105329,978,155,216,5740,-1960,3500,140.0,0
105339,997,142,215,5950,-1820,3430,140.0,0
105363,970,157,256,6790,-1610,3430,141.0,0
105378,977,142,242,7560,-1750,3570,143.0,0
105393,983,140,242,7980,-1820,3570,141.0,0
105408,972,147,255,9030,-2170,3570,141.0,0
105418,972,153,251,9660,-2310,3640,141.0,0
105433,978,149,253,11270,-2590,4060,142.0,0
105448,970,175,246,11900,-2800,4410,142.0,0
105458,974,179,238,12320,-2800,4830,139.0,0
105473,989,164,206,12670,-2800,5390,141.0,0
105488,985,174,215,12320,-2660,5390,141.0,0
105498,982,171,218,11620,-2590,4760,140.0,0
105513,997,181,193,8960,-2730,4130,142.0,0
105528,983,193,210,7420,-2870,3430,142.0,0
105538,984,181,212,5670,-3150,2870,141.0,0
105553,987,189,207,2030,-3220,2450,141.0,0
105568,967,206,230,-770,-3640,2170,141.0,0
105578,979,179,219,-1750,-3780,1890,141.0,0
105593,987,152,217,-2450,-4130,1330,141.0,0
105612,987,166,194,-1820,-3990,1330,141.0,0
105627,1016,109,220,210,-3500,2030,141.0,0
105637,987,174,228,1050,-3290,2380,138.0,0
105652,1000,127,217,1890,-3010,2870,138.0,0
105667,991,147,201,3150,-2520,2940,138.0,0
105682,985,147,221,3780,-1820,3010,138.0,0
105692,980,164,227,4410,-1680,3150,138.0,0
105707,986,154,218,4830,-1470,3360,139.0,0
105722,981,157,229,5040,-1470,3500,139.0,0
105732,977,165,204,4690,-1610,3360,141.0,0
105747,1022,54,201,4480,-1680,2450,140.0,0
105773,990,100,244,7560,-630,2730,141.0,0
105788,967,157,236,10010,-140,2870,140.0,0
105803,1011,117,198,11270,350,3220,140.0,0
105813,1006,130,201,12040,490,3220,139.0,0
105828,976,187,217,11480,560,3080,137.0,0
105843,986,189,210,10080,490,3080,137.0,0
105857,993,197,184,5670,-350,2310,138.0,0
105872,987,196,194,3430,-490,1960,135.0,0
105887,984,208,169,-980,-350,1120,139.0,0
105902,1002,189,174,-2380,0,1190,139.0,0
105912,997,204,173,-3640,770,1330,142.0,0
105927,991,179,206,-5810,980,1260,140.0,0
105942,993,138,225,-8960,420,0,140.0,0
105952,991,158,201,-9870,210,-490,142.0,0
105967,975,153,243,-10150,70,-700,138.0,0
105982,974,148,241,-8470,210,-280,138.0,0
105992,980,133,262,-6720,350,70,140.0,0
106007,990,106,244,-4970,280,630,141.0,0
106022,968,202,236,-1120,420,1470,139.0,0
106037,961,131,299,1330,-280,3710,139.0,0
106047,983,189,232,2660,-420,5040,139.0,0
106062,915,179,330,5110,-420,6020,139.0,0
106077,948,199,249,3080,-1470,5950,139.0,0
106087,1011,164,198,3150,-1470,6230,141.0,0
106102,992,191,226,3080,-1610,6370,143.0,0
106121,966,157,247,840,-1470,6020,140.0,0
106136,1011,157,156,-1680,-1120,4900,140.0,0
106146,1034,126,166,-2800,-770,4340,140.0,0
106161,998,148,191,-4410,-420,2240,141.0,0
106176,1007,159,190,-9240,-350,1120,141.0,0
106186,1019,162,155,-11970,-350,0,142.0,0
106201,1000,178,190,-17430,-630,-1890,140.0,0
106216,977,189,221,-20720,-1190,-2940,140.0,0
106226,990,176,212,-23520,-1610,-3850,140.0,0
106241,987,177,243,-28560,-2660,-5320,138.0,0
106256,960,197,254,-31220,-3290,-6020,138.0,0
106266,954,204,261,-33600,-4130,-6510,142.0,0
106281,955,175,264,-37240,-6020,-6930,141.0,0
106296,966,160,267,-38080,-7350,-6790,141.0,0
106306,966,155,264,-38080,-7700,-6160,143.0,0
106321,968,116,279,-35000,-7700,-5390,141.0,0
106336,992,75,256,-28000,-7140,-3570,141.0,0
106346,1001,55,247,-23100,-6580,-2590,142.0,0
106361,981,49,282,-17920,-6020,-1610,138.0,0
106383,999,54,249,-7140,-3710,1610,140.0,0
106398,998,71,242,2590,-2940,2450,142.0,0
106413,995,93,235,8750,-1820,3500,142.0,0
106423,988,119,239,10500,-1540,3850,142.0,0
106438,978,135,252,11340,-1470,3990,140.0,0
106453,986,134,220,10710,-1960,3220,140.0,0
106463,989,171,225,9940,-2100,3010,137.0,0
106478,975,179,233,8890,-2380,2590,142.0,0
106493,986,172,214,6370,-2870,2380,142.0,0
106503,993,166,206,5530,-2940,2310,142.0,0
106518,987,164,218,4340,-2870,2310,141.0,0
106533,991,156,212,3850,-2870,2240,141.0,0
106543,999,154,201,3780,-2660,2310,140.0,0
106558,997,150,198,3850,-1960,2520,141.0,0
106573,1001,157,190,3780,-1540,2520,141.0,0
106583,999,159,194,3640,-1050,2590,140.0,0
106598,994,161,210,2660,-350,2450,140.0,0
106613,991,159,213,1750,-280,1820,139.0,0
106635,987,161,230,-1050,-560,1260,139.0,0
106650,978,153,237,-1820,-770,980,139.0,0
106660,982,147,235,-2450,-980,490,142.0,0
106675,985,147,230,-2730,-1190,560,140.0,0
106690,983,138,238,-2450,-1190,700,140.0,0
106700,981,144,236,-2100,-1260,910,140.0,0
106715,1021,114,213,-2240,-1750,1120,141.0,0
106730,966,143,282,3290,-70,1400,141.0,0
106740,928,162,254,2380,-770,1540,142.0,0
106755,1025,93,197,4060,-280,2030,139.0,0
106777,982,119,244,6020,-1050,2170,138.0,0
106792,1001,137,221,5740,-770,2240,137.0,0
106807,966,166,260,7910,420,2240,137.0,0
106817,971,169,246,7910,490,2030,138.0,0
106832,999,92,234,10570,1470,1960,139.0,0
106847,977,105,285,14630,1260,2800,139.0,0
106857,965,137,268,16800,1330,3430,140.0,0
106872,975,155,252,18200,1120,4830,139.0,0
106892,987,177,209,18690,0,4760,141.0,0
106907,974,191,230,15890,-420,4550,141.0,0
106917,972,208,220,13930,-770,4130,141.0,0
106932,987,207,196,9660,-1260,3920,139.0,0
106947,997,190,179,7770,-1120,3780,139.0,0
106957,1009,166,181,5390,-1190,3290,140.0,0
106972,1009,131,194,4410,-2450,2800,141.0,0
106987,973,137,204,4200,140,2100,141.0,0
106997,996,113,263,4830,280,2310,142.0,0
107012,1027,85,172,8190,2660,2450,139.0,0
107027,1010,81,206,12390,2730,3010,140.0,0
107042,942,154,287,13860,3010,3080,140.0,0
107052,956,170,274,14420,3010,3220,139.0,0
107067,980,170,243,13300,1750,3570,140.0,0
107082,961,210,256,12040,1050,3430,140.0,0
107092,960,210,250,10640,350,3150,142.0,0
107107,972,169,225,7770,-1190,3220,141.0,0
107122,983,150,238,7630,-1960,3500,141.0,0
107136,978,146,247,7350,-1680,3710,141.0,0
107151,983,138,245,7910,-770,3920,141.0,0
107166,987,130,244,10010,-210,3990,143.0,0
107181,991,112,239,13860,350,4410,143.0,0
107191,993,98,241,16100,840,4760,142.0,0
107206,992,118,241,18410,1260,5460,143.0,0
107221,971,139,249,20930,1400,6510,143.0,0
107231,971,195,236,20370,1120,6440,140.0,0
107246,972,215,228,18620,700,5670,140.0,0
107261,956,289,265,11830,-420,4690,140.0,0
107271,923,315,203,4480,350,3500,142.0,0
107286,989,248,179,-700,-5600,2450,142.0,0
107301,967,222,227,-9660,-6370,1400,142.0,0
107311,950,200,260,-12180,-6790,980,136.0,0
107326,979,130,243,-11550,-6720,1050,137.0,0
107341,1024,29,214,-8540,-6230,1260,137.0,0
107351,1003,37,244,-4270,-5530,1750,139.0,0
107366,984,63,262,5110,-3990,3080,140.0,0
107381,994,81,241,9310,-3430,4130,140.0,0
107401,985,120,246,15120,-2660,4410,139.0,0
107416,961,170,261,16660,-3010,4480,139.0,0
107431,956,175,274,14770,-4830,4270,139.0,0
107446,954,197,264,13440,-5950,4130,137.0,0
107461,960,182,257,11550,-7770,4060,137.0,0
107471,965,157,258,11200,-8540,4060,138.0,0
107486,965,139,262,11200,-9310,4270,136.0,0
107501,968,138,255,12180,-10780,4410,137.0,0
107516,971,134,251,13160,-11830,5110,137.0,0
107526,967,129,262,14630,-12390,5390,136.0,0
107541,969,158,230,16940,-12810,5670,137.0,0
107556,983,139,212,19810,-13160,6790,137.0,0
107566,996,125,196,20720,-12880,7070,136.0,0
107581,988,148,187,21420,-12600,7350,137.0,0
107596,992,146,162,21070,-12320,7140,137.0,0
107606,1006,161,155,20090,-12320,6720,135.0,0
107621,991,178,164,18480,-12600,5740,133.0,0
107636,988,164,181,14420,-13300,4970,133.0,0
107654,988,142,192,10640,-14070,3430,134.0,0
107669,983,136,223,9170,-14420,2030,134.0,0
107684,1003,116,152,7770,-15890,1400,132.0,0
107699,997,122,168,7280,-16450,140,130.0,0
107714,998,146,144,6020,-16660,-490,130.0,0
107724,1027,121,110,5390,-16240,-980,132.0,0
107739,1042,106,89,5460,-14490,-2170,131.0,0
107754,1021,126,102,5810,-13720,-2380,131.0,0
107764,1034,114,90,6790,-12670,-2520,131.0,0
107798,1027,148,94,11760,-7840,-2590,131.0,0
107813,1025,139,96,12530,-7140,-2660,131.0,0
107828,1018,145,101,12460,-6090,-2940,129.0,0
107843,996,166,138,12110,-6090,-3290,129.0,0
107858,992,160,149,10990,-6510,-3500,131.0,0
107873,994,160,148,10010,-7700,-3710,131.0,0
107883,972,182,171,9450,-8540,-3780,132.0,0
107898,968,184,170,9590,-9170,-3570,131.0,0
107917,1016,142,109,11900,-9590,-2520,130.0,0
107932,1014,156,102,15750,-8400,-980,130.0,0
107942,1007,165,64,16870,-7420,-700,129.0,0
107957,1041,180,22,17570,-6090,-280,131.0,0
107972,1023,228,21,16380,-3220,-420,131.0,0
107982,1018,251,24,14420,-2380,-560,129.0,0
107997,1021,252,17,9310,-910,-630,129.0,0
108012,1028,205,38,7070,-210,-700,129.0,0
108022,1020,195,56,5250,560,-980,127.0,0
108037,1000,200,133,2310,560,-980,128.0,0
108052,969,206,160,1540,70,-770,128.0,0
108062,965,195,181,1190,-770,-630,126.0,0
108077,962,170,204,1400,-3360,0,131.0,0
108092,958,166,208,2590,-5530,770,131.0,0
108102,972,154,188,4130,-6300,1470,128.0,0
108117,983,139,165,8610,-6650,2100,129.0,0
108132,984,142,167,13510,-6790,2940,129.0,0
108142,991,156,137,15750,-6440,3430,130.0,0
108157,1007,152,105,17710,-5950,3850,129.0,0
108179,1036,171,32,19390,-3430,4060,125.0,0
108194,1040,199,0,19460,-2310,4060,126.0,0
108209,1039,222,-11,16100,560,3640,126.0,0
108219,1037,239,-21,12530,1540,3220,128.0,0
108234,1011,276,11,7910,1960,2730,126.0,0
108249,999,287,49,-3570,1120,1400,126.0,0
108259,997,247,73,-8680,280,910,129.0,0
108274,991,236,115,-12460,-560,210,127.0,0
108289,969,172,159,-14280,-1050,350,127.0,0
108299,974,125,185,-12880,-1680,560,127.0,0
108314,994,90,177,-5880,-2730,2030,127.0,0
108329,975,89,208,-490,-2730,3150,127.0,0
108339,992,90,175,5180,-2450,4130,127.0,0
108354,1007,109,105,13440,-1680,5600,130.0,0
108369,1003,192,87,14560,-1470,5740,130.0,0
108379,1004,228,63,13720,-1400,5670,129.0,0
108394,1012,233,42,8260,-1190,4690,126.0,0
108409,1009,227,50,4410,-1610,3360,131.0,0
108428,1003,179,81,-1680,-1820,2380,131.0,0
108438,997,164,119,-2660,-1960,2660,126.0,0
108453,990,120,145,490,-1750,3010,128.0,0
108468,998,126,136,5810,-1540,3850,128.0,0
108483,993,167,116,7910,-1470,4340,128.0,0
108493,1002,182,86,9100,-1120,4690,126.0,0
108508,1017,178,46,8330,-420,4550,128.0,0
108523,1030,190,29,5950,-210,3780,128.0,0
108533,1014,213,54,2800,-140,1890,128.0,0
108548,992,196,106,-4270,-1330,980,127.0,0
108563,997,167,106,-5880,-1680,840,127.0,0
108573,1001,132,124,-4900,-1190,1400,127.0,0
108588,1001,84,153,1260,-1120,1960,127.0,0
108603,1003,102,141,8190,-910,2870,127.0,0
108613,995,134,136,10360,-700,3150,127.0,0
108628,1002,160,113,10990,-770,2940,127.0,0
108643,1008,187,88,9240,-1260,2030,127.0,0
108653,1003,219,101,8120,-1470,1820,128.0,0
108668,978,235,109,7280,-1750,2660,127.0,0
108690,1012,192,58,6440,-1260,3500,130.0,0
108705,1010,183,72,6160,-770,3710,126.0,0
108720,1008,204,68,3920,-350,3430,126.0,0
108730,1006,197,73,2310,-280,3220,126.0,0
108745,1004,200,83,280,-350,2170,128.0,0
108760,967,195,148,-4480,-1330,1890,128.0,0
108770,969,180,165,-6510,-2660,1470,127.0,0
108794,1003,58,160,0,-3570,1750,128.0,0
108809,1007,52,150,5530,-3150,2380,128.0,0
108824,997,92,147,14420,-2170,3150,124.0,0
108839,1009,139,107,16450,-2170,3220,124.0,0
108849,997,153,109,17150,-2310,2940,127.0,0
108864,982,196,162,17850,-3080,3010,124.0,0
108879,966,185,152,18620,-3570,4270,124.0,0
108889,991,154,124,20230,-3990,5040,124.0,0
108904,1000,150,101,25270,-3920,5950,128.0,0
108919,1001,148,95,30590,-2590,7490,128.0,0
108933,1024,146,51,32620,-1610,7980,126.0,0
108948,1018,159,59,32340,-910,7770,126.0,0
108963,998,198,72,30590,-980,7350,123.0,0
108978,998,201,76,24780,-1890,5950,123.0,0
108988,997,212,80,21490,-2660,5320,125.0,0
109003,999,191,75,18480,-3290,4690,126.0,0
109018,988,151,103,14840,-4410,3570,126.0,0
109028,1019,123,76,14420,-4550,3080,126.0,0
109043,1009,128,90,14630,-5250,2800,125.0,0
109058,998,133,99,17430,-4970,3150,125.0,0
109068,1014,101,86,20440,-4340,3640,123.0,0
109083,1015,82,92,27300,-3500,4410,122.0,0
109098,993,76,141,31570,-3290,4970,123.0,0
109113,988,78,154,42280,-3220,6580,123.0,0
109123,980,89,163,48580,-3290,7910,123.0,0
109138,1088,206,64,54460,-3430,7840,122.0,0
109153,993,566,-186,35630,-4200,5600,122.0,0
109163,997,488,-230,10220,-5810,2520,123.0,0
109178,1062,108,-48,-5040,-3080,2170,124.0,0
109199,1067,-14,-55,13860,1960,1470,123.0,0
109214,990,270,-10,11060,2660,840,123.0,0
109224,983,210,80,6650,2380,770,122.0,0
109239,1003,150,84,8050,1960,1750,124.0,0
109254,974,198,113,9240,1610,2380,124.0,0
109264,970,199,130,8540,-910,2590,122.0,0
109279,988,193,95,7280,-2310,2870,122.0,0
109294,982,205,100,6160,-4480,3990,122.0,0
109304,998,193,61,5740,-4620,4480,122.0,0
109319,1011,189,3,4760,-4200,4760,123.0,0
109334,1017,169,11,1190,-3220,4340,121.0,0
109349,1031,107,25,280,-2730,3850,121.0,0
109359,1014,141,43,70,-2240,3010,125.0,0
109374,1000,172,65,-770,-1890,2940,124.0,0
109389,997,160,76,-1120,-2380,2940,124.0,0
109399,997,142,97,-1120,-2940,2800,121.0,0
109414,1004,135,86,0,-3360,2660,124.0,0
109429,1006,151,57,630,-3570,2520,124.0,0
109447,1015,149,37,840,-2660,2520,123.0,0
109462,1018,131,33,770,-2170,2380,120.0,0
109477,1020,116,52,980,-1750,1750,123.0,0
109492,1003,166,52,1610,-1470,1610,124.0,0
109507,1003,165,58,1330,-1470,1610,124.0,0
109517,1009,158,61,1610,-1400,1750,122.0,0
109532,998,186,48,1820,-1400,1960,123.0,0
109547,1014,124,61,630,-1330,1890,123.0,0
109557,1019,108,62,980,-1470,1680,119.0,0
109572,1007,159,47,1680,-1050,1540,120.0,0
109587,1011,159,41,1050,-700,1680,120.0,0
109597,1017,136,41,910,-420,1750,120.0,0
109612,1007,166,46,1400,420,1820,124.0,0
109627,1009,148,58,840,350,1890,124.0,0
109637,1008,141,66,980,420,1890,124.0,0
109652,1006,138,50,1470,490,1610,124.0,0
109667,1017,130,46,1680,770,1330,124.0,0
109677,1008,164,50,2240,1470,1470,122.0,0
109692,1008,153,55,2100,1470,1540,121.0,0
109711,1008,135,73,2380,1330,1610,124.0,0
109726,1011,128,70,3360,1120,1400,124.0,0
109736,1008,135,74,4270,1190,1540,123.0,0
109751,997,147,88,5670,1330,2030,121.0,0
109766,998,122,113,9240,980,2870,121.0,0
109776,995,127,96,10710,560,3010,124.0,0
109799,1007,192,35,8960,-630,2450,124.0,0
109814,1006,197,42,4410,-770,1610,123.0,0
109829,1013,144,49,3640,-560,1540,123.0,0
109844,1014,153,54,4200,210,1400,123.0,0
109854,1002,152,74,4690,420,1540,124.0,0
109869,1004,145,78,5180,350,1820,122.0,0
109884,1001,166,71,6580,490,2030,122.0,0
109894,1001,163,74,6790,350,2240,122.0,0
109909,1005,163,62,6580,210,2450,121.0,0
109924,1007,163,54,6370,350,2520,121.0,0
109934,1008,152,60,6300,420,2590,122.0,0
109949,1001,165,61,7070,980,2940,123.0,0
109968,1014,141,66,7630,1260,3150,121.0,0
109983,1016,111,66,8400,1400,3010,121.0,0
109993,1011,101,78,10010,1750,3150,121.0,0
110008,1011,117,78,15050,2660,3360,122.0,0
110023,1018,129,56,16590,3150,3430,122.0,0
110033,1015,145,48,17290,3500,3570,122.0,0
110048,1006,154,64,18760,3780,3780,124.0,0
110063,1016,149,43,18970,4340,3850,123.0,0
110078,1015,116,73,19670,4620,3920,123.0,0
110088,1013,113,88,20720,4620,3850,122.0,0
110103,1003,169,96,23100,4410,4060,122.0,0
110118,983,202,86,23030,4060,4200,122.0,0
110128,999,214,55,21840,3710,4270,125.0,0
110143,1014,226,16,16380,3150,4060,124.0,0
110158,1000,212,42,8960,2170,2590,124.0,0
110168,1016,192,45,6790,2800,2730,124.0,0
110183,1014,133,68,5950,3010,2730,121.0,0
110198,997,152,109,5040,2800,1960,121.0,0
110208,991,147,102,5810,2800,2170,123.0,0
110233,1003,167,75,6930,2660,2730,120.0,0
110248,1007,174,64,6090,2660,2730,124.0,0
110263,1010,156,70,5180,2380,2240,126.0,0
110278,995,123,118,4480,2030,2030,126.0,0
110288,989,125,124,5250,1610,1960,122.0,0
110303,983,139,130,7770,700,2450,123.0,0
110318,984,172,116,8260,140,2870,123.0,0
110328,996,181,88,8050,-420,3080,127.0,0
110343,1012,167,45,6020,-910,3080,123.0,0
110358,1014,166,54,5250,-700,2730,123.0,0
110368,1011,147,72,4410,-490,2380,119.0,0
110383,1004,155,83,3570,-280,2170,124.0,0
110398,998,143,102,3430,-770,1820,122.0,0
110413,999,138,103,3990,-910,1960,122.0,0
110423,995,141,106,4900,-1190,2170,124.0,0
110438,1002,135,78,6160,-1610,2240,124.0,0
110453,1004,150,81,6510,-1610,2310,124.0,0
110463,1002,165,80,6370,-1610,2310,125.0,0
110488,990,167,100,4830,-2030,2520,125.0,0
110503,996,148,102,4620,-2870,2660,124.0,0
110518,993,123,116,6650,-3080,2870,123.0,0
110533,998,115,118,10430,-3430,3220,123.0,0
110543,1009,110,91,12810,-3220,3570,123.0,0
110558,1005,115,97,14560,-3430,3640,122.0,0
110573,1008,120,72,18760,-2870,4200,122.0,0
110583,1017,112,70,20650,-2450,4410,120.0,0
110598,1007,123,81,22330,-2170,4340,121.0,0
110613,1008,212,39,24640,-2310,4270,121.0,0
110623,1000,275,15,21700,-2660,3640,121.0,0
110638,1002,287,-5,15540,-3710,1820,121.0,0
110653,1028,154,15,3570,-3360,1960,121.0,0
110663,991,124,46,3220,-3290,2380,122.0,0
110678,1020,123,101,3780,-2380,2450,121.0,0
110693,990,170,91,3220,-2240,2590,121.0,0
110703,983,166,113,2940,-2590,2730,120.0,0
110718,995,148,83,3570,-3570,3360,120.0,0
110735,993,174,78,4270,-3780,3920,122.0,0
110750,1013,145,63,3920,-3920,4270,122.0,0
110760,1009,138,70,3360,-4130,4480,119.0,0
110775,1001,140,76,3710,-4270,4410,121.0,0
110790,1015,127,58,4130,-4340,3920,121.0,0
110805,1014,133,50,4550,-4340,3570,121.0,0
110820,1014,134,49,4690,-3640,2940,120.0,0
110835,1014,128,56,5180,-3430,2730,120.0,0
110850,1008,147,53,5180,-3010,2660,120.0,0
110860,1002,170,46,4200,-3080,2800,121.0,0
110875,1008,136,63,3290,-3360,2800,122.0,0
110890,1010,133,65,3430,-3850,2660,122.0,0
110900,1009,142,56,3920,-3920,2520,120.0,0
110915,1012,141,46,4060,-3780,2380,120.0,0
110930,1017,142,21,3150,-3360,2240,119.0,0
110945,1014,151,19,2100,-2730,2030,119.0,0
110955,1013,152,15,-910,-2660,1890,121.0,0
110970,1009,135,53,-1400,-2520,1750,121.0,0
110989,1016,117,55,-350,-2380,1610,118.0,0
111004,1011,129,57,420,-2450,1330,118.0,0
111014,999,158,68,700,-2450,1470,119.0,0
111029,1011,138,45,490,-2660,1470,121.0,0
111044,1008,157,59,70,-2520,1470,121.0,0
111054,1002,136,49,-140,-2450,1470,121.0,0
111069,1009,143,36,70,-2170,1400,122.0,0
111084,1014,126,44,350,-2030,1120,122.0,0
111094,1000,162,49,700,-1820,1120,120.0,0
111109,1000,172,44,-140,-1960,1260,123.0,0
111124,1005,146,61,-560,-2030,1470,123.0,0
111134,1007,139,57,-490,-2310,1540,122.0,0
111149,1007,148,53,-210,-2380,1680,119.0,0
111164,1015,129,54,210,-2100,1750,119.0,0
111174,1019,113,54,1260,-1400,1680,120.0,0
111189,1004,163,42,1820,-1260,1610,123.0,0
111204,1005,155,50,1470,-1050,1750,123.0,0
111214,1008,146,49,1540,-980,1820,121.0,0
111229,1010,147,44,1400,-910,1820,121.0,0
111246,1012,137,41,1540,-560,1820,122.0,0
111261,1011,140,43,1540,-420,1750,122.0,0
111271,1011,141,45,1680,-70,1750,124.0,0
111286,1002,162,53,1820,-70,1820,121.0,0
111301,1003,157,54,1680,0,2100,121.0,0
111311,1005,156,52,1610,70,2170,121.0,0
111326,1009,144,49,1680,70,2310,119.0,0
111341,1008,148,52,1820,210,2520,119.0,0
111351,1005,157,56,1750,210,2590,122.0,0
111366,1007,147,60,1610,140,2730,121.0,0
111381,1005,144,65,1750,-70,2940,121.0,0
111391,1007,135,64,1610,-350,2870,122.0,0
111406,1010,130,60,1680,-560,2660,120.0,0
111421,1006,146,58,1750,-560,2590,120.0,0
111431,1008,139,59,1610,-700,2520,120.0,0
111446,1010,131,61,1610,-910,2310,120.0,0
111461,1007,142,57,1750,-910,2240,120.0,0
111471,1007,148,52,1750,-980,2170,122.0,0
111486,1008,135,54,1540,-910,2100,118.0,0
111505,1011,134,53,1610,-910,1820,121.0,0
111520,1012,134,48,1610,-840,1540,121.0,0
111530,1012,130,47,1540,-700,1330,119.0,0
111545,1012,137,48,1540,-350,1190,121.0,0
111560,1010,144,53,1610,-280,1190,121.0,0
111570,1005,152,60,1540,-350,1260,122.0,0
111585,1002,154,70,1470,-490,1470,122.0,0
111600,1007,140,61,1470,-840,1540,121.0,0
111615,1007,142,57,1680,-840,1400,121.0,0
111625,1010,140,50,1680,-840,1400,119.0,0
111640,1013,140,42,1680,-350,1190,122.0,0
111655,1014,138,42,1680,-140,980,122.0,0
111665,1013,137,40,1540,560,770,122.0,0
111680,1012,141,46,1610,910,630,122.0,0
111695,1010,145,47,1680,1400,560,122.0,0
111705,1007,153,56,1610,1400,630,122.0,0
111720,996,172,75,1680,1260,840,118.0,0
111735,993,174,86,1820,560,1750,118.0,0
111745,994,175,82,1960,140,2240,120.0,0
111762,997,172,73,1820,-490,3080,121.0,0
111777,1006,146,70,1750,-700,3360,124.0,0
111792,1006,150,65,1960,-980,3640,124.0,0
111807,1001,159,66,1680,-1050,3780,121.0,0
111822,999,153,73,1540,-1190,3990,122.0,0
111837,1004,147,73,1680,-1400,4270,121.0,0
111852,1002,147,74,1750,-2030,4270,121.0,0
111862,992,133,23,1400,-2380,4270,119.0,0
111877,1033,126,86,210,-2590,3780,121.0,0
111892,969,159,44,2800,-1470,3570,121.0,0
111902,1051,107,59,490,-2660,3290,123.0,0
111917,1032,102,100,1260,-2380,2660,121.0,0
111932,1005,136,54,2730,-2100,2520,121.0,0
111942,1011,154,71,3920,-1610,2310,119.0,0
111957,1001,100,65,70,-2800,2170,119.0,0
111972,1013,129,56,1960,-1890,1820,119.0,0
111982,1006,142,25,1820,-1540,1680,120.0,0
111997,1010,135,53,1470,-1400,1540,121.0,0
112016,1009,138,64,1820,-1190,1260,121.0,0
112031,1005,154,65,1680,-1190,1260,121.0,0
112041,1007,147,56,1610,-1120,1330,120.0,0
112056,1010,135,55,1610,-1050,1330,119.0,0
112071,1014,127,60,2100,-840,1050,119.0,0
112081,1012,129,66,2730,-840,840,122.0,0
112096,1007,136,66,3360,-840,700,119.0,0
112111,1005,140,72,4900,-1190,700,119.0,0
112121,1007,159,55,4760,-1330,840,121.0,0
112136,1003,172,42,3500,-1890,1120,123.0,0
112151,1010,142,51,2100,-1610,1400,123.0,0
112161,1021,118,46,2310,-1120,1540,120.0,0
112176,1009,136,62,3010,-1190,1330,120.0,0
112191,1020,139,37,2380,-1190,1330,120.0,0
112206,1005,134,73,3850,-770,1260,120.0,0
112216,1004,145,57,4130,-910,1260,122.0,0
112231,996,168,71,4480,-840,1540,119.0,0
112246,1009,159,49,3500,-1260,1680,119.0,0
112256,1020,145,50,2660,-1190,1890,121.0,0
112281,1019,159,21,-910,-560,2170,119.0,0
112296,1006,165,43,-1680,0,2100,121.0,0
112311,1019,139,38,-4270,700,1890,120.0,0
112326,1007,157,55,-4830,910,1890,120.0,0
112336,1008,146,64,-5180,1120,1750,119.0,0
112351,1005,117,90,-2870,1540,1540,122.0,0
112366,992,135,106,-700,980,1610,122.0,0
112376,988,145,107,1120,630,1750,118.0,0
112391,1004,132,91,3920,700,1750,122.0,0
112406,991,177,78,4200,140,2380,122.0,0
112416,1000,189,50,2450,-700,2590,122.0,0
112431,1013,138,51,1540,-840,2730,119.0,0
112446,1015,134,50,1610,-280,2660,119.0,0
112456,1017,147,62,1540,-70,2590,120.0,0
112471,1003,151,74,1470,-70,2520,122.0,0
112486,1007,128,74,1680,-630,2590,122.0,0
112496,1006,132,72,1960,-840,2590,123.0,0
112511,1009,146,68,2030,-770,2380,120.0,0
112530,1015,126,58,1820,-630,2030,121.0,0
112545,1012,138,60,1960,-490,1890,121.0,0
112555,1012,141,58,2030,-350,1820,121.0,0
112570,1010,139,70,2310,-210,1820,119.0,0
112585,1007,126,78,3010,-140,2030,122.0,0
112600,997,152,84,5040,-210,2450,122.0,0
112610,998,172,71,5250,-420,2590,121.0,0
112625,1004,183,59,4060,-770,2450,121.0,0
112640,1013,148,52,1050,-1330,2240,121.0,0
112650,1019,126,53,560,-1260,2240,122.0,0
112665,1016,120,59,1400,-700,2030,122.0,0
112680,1011,127,70,2170,-420,2100,122.0,0
112690,1008,140,67,3220,-280,2380,124.0,0
112705,1004,164,49,3500,0,2660,123.0,0
112720,1006,213,34,1820,-140,2660,123.0,0
112730,1006,214,33,-700,-140,2450,124.0,0
112745,1012,177,36,-5600,-140,2380,121.0,0
112760,1024,136,40,-7280,210,2240,121.0,0
112770,1025,105,51,-7490,840,2030,124.0,0
112787,1015,130,79,-5530,1470,2310,121.0,0
112802,1009,150,64,-4270,2100,2030,122.0,0
112831,983,161,115,-5880,770,1610,124.0,0
112846,994,143,99,-5950,280,2030,121.0,0
112861,998,117,110,-3430,-420,2310,123.0,0
112876,1000,121,111,-1330,-700,2870,123.0,0
112886,1016,115,71,70,-280,3150,127.0,0
112901,998,133,79,560,-210,3290,122.0,0
112916,994,169,76,0,-350,3220,122.0,0
112926,997,170,123,-70,-910,2870,122.0,0
112941,987,160,87,-2310,-1540,2730,123.0,0
112956,1004,126,86,-2940,-2380,2520,123.0,0
112966,1004,92,111,-2310,-2940,2520,124.0,0
112981,1005,89,114,-840,-3290,2520,124.0,0
112996,1006,97,101,3080,-3430,2520,124.0,0
113006,1003,110,102,4550,-3570,2450,120.0,0
113021,996,130,105,5040,-4340,2100,120.0,0
113040,996,165,82,3780,-4970,1960,123.0,0
113055,1003,157,72,3150,-5180,2030,123.0,0
113065,1007,149,66,2660,-5250,2100,121.0,0
113080,1015,115,50,3150,-4900,2030,124.0,0
113095,1018,131,50,3780,-4340,2240,124.0,0
113105,1017,145,47,3850,-3920,2100,122.0,0
113120,1012,193,27,1190,-3430,1820,121.0,0
113135,1012,191,30,-1540,-3640,910,121.0,0
113145,1004,178,52,-5810,-3920,630,122.0,0
113160,993,151,83,-6440,-4200,630,121.0,0
113175,992,128,103,-4200,-4410,1190,121.0,0
113185,1002,91,71,-1680,-4410,1610,122.0,0
113200,1021,87,76,1680,-3780,2170,120.0,0
113215,1009,193,12,2380,-3080,1960,120.0,0
113225,1023,163,10,0,-2800,1680,121.0,0
113240,1020,123,47,-910,-1540,1820,120.0,0
113255,1017,139,75,840,-1050,2100,119.0,0
113270,1014,140,48,210,-980,1750,119.0,0
113280,1007,115,69,70,-1260,1330,121.0,0
113297,1008,130,80,700,-1470,1330,125.0,0
113312,1003,136,45,1470,-1820,1330,125.0,0
113322,1024,133,60,1470,-1960,1400,121.0,0
113337,1017,165,42,1680,-70,1960,123.0,0
113352,1014,194,47,910,1330,2520,123.0,0
113362,1012,128,26,-2590,3780,2310,121.0,0
113377,1011,138,65,-3920,70,840,123.0,0
113392,990,171,94,-3360,-840,1120,123.0,0
113402,988,168,99,-3150,-1120,1610,121.0,0
113417,998,144,77,-1960,-1890,2590,123.0,0
113432,1001,162,74,-1330,-2380,3080,121.0,0
113446,1017,158,42,-2100,-2940,2940,121.0,0
113456,1019,148,36,-3080,-2800,2730,120.0,0
113471,1030,144,25,-4480,-1400,2030,120.0,0
113481,1040,151,-5,-7700,-700,1680,121.0,0
113496,1015,139,41,-8610,-140,1540,122.0,0
113511,1025,103,82,-5670,1610,2170,123.0,0
113526,996,120,102,-3570,2730,2870,123.0,0
113536,998,88,132,-2170,2240,2940,122.0,0
113555,981,104,114,1820,1470,3920,122.0,0
113570,987,183,72,4060,210,5040,122.0,0
113585,1014,198,58,1820,630,3920,122.0,0
113595,990,206,66,-1470,1050,3640,123.0,0
113610,981,87,143,-4690,-910,3430,120.0,0
113625,987,30,175,1610,-4270,3780,120.0,0
113635,979,32,201,6440,-4130,4620,123.0,0
113650,970,102,178,10500,-4130,5460,123.0,0
113665,1003,130,8,12320,-4200,5810,123.0,0
113675,1043,147,-47,9380,-3220,5110,121.0,0
113690,1045,202,-56,5110,-2380,3990,122.0,0
113705,1047,185,-44,-4270,-1190,1680,122.0,0
113715,1024,167,7,-7630,-700,910,125.0,0
113730,1009,144,62,-10150,-210,210,118.0,0
113745,987,108,132,-11270,-630,280,118.0,0
113755,997,97,128,-10290,-560,560,122.0,0
113770,1006,97,102,-6300,140,1400,120.0,0
113785,991,142,76,-4130,-910,1610,120.0,0
113795,988,176,71,-3360,-2590,1610,122.0,0
113812,997,155,63,-3640,-5810,1610,122.0,0
113835,996,69,140,-910,-7280,3570,124.0,0
113850,1032,124,47,4130,-3920,4200,120.0,0
113865,1014,186,28,3010,-2800,3710,120.0,0
113875,1011,174,34,-2240,-2170,3500,119.0,0
113890,1037,47,18,-1260,-1820,3290,122.0,0
113905,1039,35,64,4550,-3500,1890,121.0,0
113920,1005,98,85,7420,-4550,1470,121.0,0
113930,993,135,88,9240,-5180,1330,117.0,0
113945,988,195,84,8610,-6020,1400,119.0,0
113960,1014,204,33,3360,-5670,1190,119.0,0
113970,1001,175,96,-700,-2800,1260,119.0,0
113985,1008,115,86,-3570,-1330,1540,121.0,0
114000,1016,101,46,-70,-3080,1610,121.0,0
114010,984,129,114,700,-4410,1750,120.0,0
114025,1012,144,33,1820,-4200,2380,119.0,0
114040,1015,142,58,2310,-3710,2730,119.0,0
114050,1012,152,50,2030,-2030,2940,120.0,0
114067,1028,122,41,0,-350,2730,119.0,0
114082,1027,41,47,-770,560,2240,119.0,0
114092,1040,79,-16,1050,-350,1750,117.0,0
114107,981,209,36,210,-560,1050,121.0,0
114122,1018,124,24,630,-980,1260,121.0,0
114137,1038,91,70,980,-630,560,121.0,0
114147,993,130,98,980,420,210,121.0,0
114162,999,118,90,1120,0,210,119.0,0
114177,990,166,93,1330,210,210,119.0,0
114187,978,213,104,840,420,560,120.0,0
114202,1004,190,65,-1120,770,1330,119.0,0
114217,1014,136,61,-1190,770,1610,119.0,0
114227,1012,145,48,-1750,1960,1610,120.0,0
114242,1016,127,39,-2240,2660,1260,121.0,0
114257,1016,106,57,-2100,3360,910,121.0,0
114267,1014,117,54,-910,2590,840,122.0,0
114282,1025,163,97,0,2660,1330,121.0,0
114297,980,126,71,-1120,770,1610,121.0,0
114307,989,132,70,1120,-350,1680,123.0,0
114326,998,137,83,1470,-1330,1820,119.0,0
114341,1017,128,64,1260,-1330,1750,119.0,0
114356,1018,92,72,1820,-1820,1400,119.0,0
114366,1022,80,50,3500,-2240,1190,118.0,0
114381,1006,153,34,4130,-2590,1120,123.0,0
114396,1005,143,45,4410,-3430,1400,123.0,0
114406,999,135,97,5740,-4690,1750,123.0,0
114421,1015,129,67,5810,-5040,1890,120.0,0
114436,1003,157,91,3430,-2590,1680,120.0,0
114446,1000,144,92,2660,-1610,1680,121.0,0
114461,1003,136,89,2800,-1330,1680,121.0,0
114476,1025,111,46,2800,-1260,1540,121.0,0
114486,993,168,76,3430,-1750,1540,119.0,0
114501,1006,163,66,2800,-1750,1960,121.0,0
114516,1008,144,75,2030,-1260,2170,122.0,0
114531,1009,150,64,560,350,2450,122.0,0
114541,1004,128,81,70,210,2520,119.0,0
114556,1019,115,55,490,-140,2380,120.0,0
114571,1001,124,84,1190,-700,2240,120.0,0
114584,1003,130,84,2100,-980,2240,119.0,0
114599,1010,131,85,1330,-420,2100,122.0,0
114614,1016,118,85,70,1470,1750,122.0,0
114629,1012,120,60,-700,1260,1470,122.0,0
114639,1009,112,64,-140,490,1190,120.0,0
114654,1014,115,57,2100,-840,770,122.0,0
114669,1002,153,72,2450,-1190,770,122.0,0
114679,999,169,75,2380,-770,840,123.0,0
114694,998,142,83,1820,-420,1260,122.0,0
114709,1008,154,55,1750,-350,1750,122.0,0
114719,1011,150,43,1260,-1050,1820,121.0,0
114734,1007,138,68,1260,-1260,1960,123.0,0
114749,1002,161,64,1750,-1260,2450,123.0,0
114759,1003,176,44,1890,-980,2730,121.0,0
114774,1011,146,48,1610,-560,3010,122.0,0
114789,1019,129,57,560,-210,3150,122.0,0
114799,1017,130,94,140,-490,3150,122.0,0
114814,997,141,96,210,-840,3430,122.0,0
114833,994,159,92,140,-1890,3570,118.0,0
114853,1024,149,19,350,-1260,4270,119.0,0
114868,1017,107,50,-1050,-630,4130,119.0,0
114878,1019,105,55,70,-840,4130,118.0,0
114893,1010,142,44,1260,-2030,3780,119.0,0
114908,994,123,120,1610,-2870,3710,119.0,0
114918,1012,118,75,2590,-2520,4060,118.0,0
114933,1010,135,76,2310,-2940,4130,119.0,0
114948,1020,136,47,1120,-2380,4200,119.0,0
114958,1031,107,34,70,-1330,4270,119.0,0
114973,1035,189,-28,-2660,1050,2940,121.0,0
114988,913,349,59,-3150,-5950,1960,121.0,0
114998,953,258,59,-4970,-9730,1540,119.0,0
115013,1069,-11,62,-7280,-9590,2310,122.0,0
115028,1021,12,174,-3780,-2450,3710,122.0,0
115043,1035,52,114,-2030,2520,4340,122.0,0
115053,1042,92,21,-1120,6790,4900,121.0,0
115068,1000,194,35,1820,6440,5180,121.0,0
115083,985,261,-26,210,2660,4550,121.0,0
115096,1026,172,21,-2940,-4480,3920,123.0,0
115111,1023,107,84,-5040,-3500,3850,123.0,0
115126,1015,89,140,-3710,2660,5600,123.0,0
115136,994,127,154,-630,3920,6860,123.0,0
115151,981,151,139,1610,5320,9590,122.0,0
115166,965,218,88,4550,4060,10920,120.0,0
115181,983,208,74,2660,70,11830,120.0,0
115191,1018,177,27,700,-210,11900,120.0,0
115206,1021,134,47,-630,140,11900,121.0,0
115221,995,84,103,-70,280,11760,121.0,0
115231,1047,120,7,-420,3710,12180,119.0,0
115246,1025,102,54,910,5530,12530,120.0,0
115261,1012,120,30,-560,5040,11410,120.0,0
115271,1025,129,38,-2170,4550,10780,121.0,0
115286,1022,124,61,-4060,5110,10150,123.0,0
115301,1013,86,48,-6370,5320,9800,123.0,0
115311,1065,73,111,-6580,4760,9520,118.0,0
115326,1010,70,53,-5740,6370,9380,123.0,0
115341,1014,92,79,-6860,8120,9520,123.0,0
115356,1014,115,55,-9380,6580,8400,121.0,0
115371,1026,103,63,-11830,6580,7630,122.0,0
115386,1011,116,85,-15540,7070,6510,121.0,0
115401,1031,71,58,-16450,7910,6230,121.0,0
115411,1038,61,54,-16590,8540,5810,124.0,0
115426,1024,76,76,-16660,9100,5600,122.0,0
115441,1012,88,97,-16730,9870,5460,122.0,0
115451,1008,88,97,-17220,10080,5250,125.0,0
115466,1036,15,91,-18200,10150,4480,124.0,0
115481,1056,1,111,-21700,10220,1400,123.0,0
115496,947,136,213,-23380,9730,280,123.0,0
115506,949,126,213,-25550,8190,0,124.0,0
115521,1024,50,121,-28210,6090,-70,126.0,0
115536,1004,56,156,-28280,5250,-210,126.0,0
115546,973,91,191,-27230,4620,140,125.0,0
115561,987,36,202,-25760,3920,700,127.0,0
115576,1006,-2,184,-19880,3010,1820,127.0,0
115586,1007,-13,193,-15540,3080,2520,128.0,0
115601,991,-5,203,-10850,3220,3360,127.0,0
115620,999,1,192,-1890,3290,5110,125.0,0
115635,993,14,212,4410,2870,5810,125.0,0
115645,988,25,193,5880,2100,5670,127.0,0
115660,994,64,183,6580,1330,5320,123.0,0
115675,981,90,186,6720,-140,5250,123.0,0
115685,1001,80,159,6370,-700,5250,128.0,0
115700,1014,64,141,5810,-1120,5040,126.0,0
115715,1012,54,143,5670,-1120,4760,126.0,0
115725,1018,46,133,5810,-1050,4480,127.0,0
115740,1026,30,128,6300,-490,3780,127.0,0
115755,1020,44,133,6510,-280,3290,127.0,0
115765,1017,59,129,6510,-140,2730,127.0,0
115780,1018,66,123,6440,560,2590,125.0,0
115795,1025,64,111,6160,1190,2030,125.0,0
115805,1028,72,106,5530,1470,1610,125.0,0
115820,1001,108,142,2660,1470,1190,124.0,0
115839,1007,113,129,-1400,1050,350,126.0,0
115854,1007,104,138,-5110,490,-210,126.0,0
115868,1006,91,143,-6580,210,-560,127.0,0
115883,1025,109,123,-6860,3710,-280,126.0,0
115898,976,85,199,-9380,-210,-700,125.0,0
115913,1004,78,122,-9030,0,-840,125.0,0
115923,1025,20,182,-7560,-210,-280,128.0,0
115938,984,33,211,-6230,-1190,140,128.0,0
115953,993,51,171,-2450,-1680,630,128.0,0
115963,1019,36,173,-70,-1540,1120,129.0,0
115978,1017,45,157,2450,70,1960,126.0,0
115993,1011,61,177,6160,840,2660,129.0,0
116008,1001,80,142,8680,1680,3780,129.0,0
116018,1007,73,135,9170,1750,3780,128.0,0
116033,997,104,165,7770,700,3500,128.0,0
116048,996,98,145,4340,-350,3080,128.0,0
116058,1009,103,143,2870,-140,2730,125.0,0
116073,1009,78,124,1960,700,1890,130.0,0
116088,995,97,163,-980,1120,1540,130.0,0
116098,984,96,169,-2660,-280,1260,127.0,0
116113,989,88,192,-4130,-1890,1260,129.0,0
116130,1011,26,195,-3640,-2380,1820,129.0,0
116140,1023,34,140,-1470,-1750,2310,126.0,0
116155,995,63,181,2870,-1190,2800,131.0,0
116170,999,90,164,4620,-420,3500,127.0,0
116185,1009,94,135,4900,-560,3640,127.0,0
116195,1010,91,146,2940,-980,3710,126.0,0
116210,1019,104,128,-350,-560,3220,126.0,0
116225,1019,109,120,-2450,-140,3010,126.0,0
116235,1006,111,127,-4760,-350,2660,127.0,0
116250,1007,112,128,-9660,-1400,1750,128.0,0
116265,1007,65,149,-11900,-2870,280,128.0,0
116275,1018,58,143,-12670,-3150,350,130.0,0
116290,996,26,187,-10150,-2380,770,129.0,0
116305,992,34,204,-5110,-2170,1400,129.0,0
116315,1013,36,170,-2170,-700,1820,126.0,0
116330,994,28,191,-980,-1330,1890,129.0,0
116345,999,83,168,-630,-1050,2380,129.0,0
116355,1013,62,143,700,140,2450,126.0,0
116370,1016,52,151,420,-140,1750,127.0,0
116389,992,92,162,-490,-770,1820,127.0,0
116404,1017,76,130,-1260,-1540,1610,127.0,0
116414,1019,75,128,-700,-1190,1540,127.0,0
116429,1014,60,149,-770,-1400,1120,127.0,0
116444,1007,27,191,630,-1680,1400,127.0,0
116454,1016,-6,195,3430,-910,2240,126.0,0
116469,986,-48,252,10640,-280,4060,127.0,0
116484,1012,50,161,14000,1820,5320,127.0,0
116494,981,186,173,12530,1470,5250,127.0,0
116509,992,194,66,980,-700,2310,127.0,0
116524,1022,128,100,-5110,-1540,-840,129.0,0
116539,981,49,212,-12320,-5110,-1610,129.0,0
116549,1001,3,208,-11060,-5390,-1050,128.0,0
116564,1039,-88,197,770,-3290,1470,127.0,0
116579,1012,-48,185,7140,-1890,2520,127.0,0
116589,993,8,205,12530,-1330,3640,126.0,0
116604,991,55,138,18830,-210,4900,125.0,0
116619,1030,88,122,18340,70,4830,125.0,0
116629,1011,121,139,16800,140,4270,129.0,0
116647,987,146,143,10570,-1260,3150,129.0,0
116662,1009,110,116,4130,-2940,2450,128.0,0
116677,1021,93,122,1680,-3010,1960,128.0,0
116687,1011,92,134,280,-2380,1120,126.0,0
116702,1011,88,143,-1330,-1890,1050,125.0,0
116717,1012,67,148,-1540,-1330,1050,125.0,0
116727,1014,46,139,-1540,-1400,980,128.0,0
116742,1021,57,134,-490,-770,1190,129.0,0
116757,1002,58,157,1120,-280,1540,129.0,0
116767,1010,81,157,1330,350,1610,127.0,0
116782,1011,75,146,1260,420,1610,126.0,0
116797,1003,101,157,-980,140,1260,126.0,0
116807,999,91,149,-2380,-70,1120,127.0,0
116822,1001,73,160,-2800,-560,560,129.0,0
116843,1011,43,156,-700,-1050,1190,129.0,0
116858,1002,40,179,1190,-700,1680,129.0,0
116868,1004,56,164,2870,-350,1960,128.0,0
116883,1004,53,175,4830,-350,2450,126.0,0
116900,994,76,178,5110,-1050,2730,126.0,0
116915,1002,75,166,4900,-1260,2730,126.0,0
116925,1006,83,155,4550,-1540,2660,126.0,0
116940,1004,94,142,3850,-1540,2870,129.0,0
116955,1011,101,131,3080,-1400,3010,129.0,0
116965,1018,94,121,2030,-1260,2940,127.0,0
116980,1024,79,131,-140,-560,2590,126.0,0
116995,1015,81,132,-910,-350,2450,126.0,0
117005,1016,77,133,-1330,350,2590,128.0,0
117020,1012,78,142,-1120,770,2730,128.0,0
117035,1009,81,144,-1680,1260,2730,128.0,0
117045,1005,81,152,-2520,1190,2520,130.0,0
117060,1008,68,158,-3570,980,2170,125.0,0
117075,1004,71,181,-5180,350,1470,128.0,0
117090,992,63,187,-5390,70,1400,128.0,0
117100,998,51,186,-5180,-210,1400,127.0,0
117115,999,36,193,-3290,-700,1540,128.0,0
117130,991,40,202,-1820,-1190,2100,128.0,0
117140,991,39,204,-140,-1400,2450,127.0,0
117159,1002,32,192,3290,-1960,2940,129.0,0
117174,992,46,197,6370,-2240,3150,128.0,0
117189,1002,46,177,8890,-2520,3640,128.0,0
117199,1012,43,163,9730,-2450,3710,127.0,0
117214,1011,69,152,10150,-2450,3710,126.0,0
117229,1010,79,131,9520,-2170,3570,126.0,0
117239,1015,91,122,8610,-1890,3500,127.0,0
117254,1018,94,121,7350,-1680,3010,128.0,0
117269,1007,105,144,3850,-1330,2590,128.0,0
117279,1015,149,94,2590,280,2380,125.0,0
117294,1056,14,168,-1470,280,1400,130.0,0
117309,998,103,108,-4200,-210,910,130.0,0
117319,1001,93,133,-5600,-280,560,127.0,0
117334,992,114,148,-10430,-1610,-630,129.0,0
117349,1013,62,154,-11620,-1890,-1190,129.0,0
117359,1009,31,175,-12110,-1820,-1330,127.0,0
117374,1009,8,185,-8330,-910,-910,129.0,0
117389,1007,10,187,-5320,280,350,129.0,0
117399,1001,24,185,-1960,350,770,126.0,0
117416,1000,56,174,2030,280,1120,128.0,0
117431,999,75,169,2380,-1050,1120,128.0,0
117446,1000,84,171,2170,-1330,1190,128.0,0
117456,995,91,178,1540,-1680,1120,129.0,0
117471,1010,81,165,-140,-2240,1190,127.0,0
117486,1000,69,169,-1820,-3430,980,127.0,0
117496,992,87,180,-1890,-3570,1190,128.0,0
117511,1004,57,175,-1190,-3500,1470,128.0,0
117526,1011,50,164,980,-2800,2030,128.0,0
117536,1014,36,211,2030,-2870,2030,126.0,0
117551,967,-35,231,4550,-3010,1470,126.0,0
117566,1036,34,258,9100,1400,840,126.0,0
117576,937,-157,403,-910,-16240,-4550,129.0,0
117591,1103,268,321,-3010,-12390,-6860,128.0,0
117606,927,61,208,980,-14350,-5670,128.0,0
117616,961,163,174,9730,-12040,-1890,126.0,0
117631,1054,-32,0,31850,-4410,7770,127.0,0
117646,1175,61,-119,38570,-560,10920,125.0,0
117661,1079,188,57,41580,5040,15330,125.0,0
117677,992,327,33,36960,6860,17220,124.0,0
117692,1037,250,34,20650,6720,16240,126.0,0
117707,1012,217,72,350,4970,11830,124.0,0
117722,992,112,144,-8050,3920,9450,124.0,0
117732,1023,37,116,-13650,3360,7350,126.0,0
117747,1036,-21,158,-17010,3850,4130,128.0,0
117762,1014,-39,182,-16170,3920,2800,128.0,0
117772,999,-33,211,-14140,3990,2030,127.0,0
117787,979,0,243,-9590,3010,1400,128.0,0
117802,973,14,248,-7420,1260,1750,128.0,0
117812,964,40,256,-5460,140,2240,129.0,0
117827,960,50,267,-2030,-1050,2870,128.0,0
117853,966,30,241,6580,-4130,6020,128.0,0
117868,994,-19,219,10500,-4550,6930,127.0,0
117883,1000,-28,180,17710,-4620,7910,127.0,0
117898,1019,-15,160,20370,-4200,7770,127.0,0
117908,1017,4,158,22050,-3990,7420,125.0,0
117923,1033,32,107,22960,-3640,6860,125.0,0
117940,1034,66,80,19810,-2520,5180,125.0,0
117950,1041,90,67,16660,-2030,3990,124.0,0
117965,1034,110,75,12740,-1610,1400,128.0,0
117980,1029,123,83,2940,-1330,0,128.0,0
117990,1033,123,74,-1890,-1190,-1190,127.0,0
118005,1027,115,91,-10010,-770,-2870,124.0,0
118020,1019,119,108,-12950,-560,-3290,128.0,0
118035,1011,117,142,-16100,-70,-2800,128.0,0
118045,1003,104,150,-16660,140,-2380,128.0,0
118060,987,91,177,-16590,280,-1610,126.0,0
118075,999,60,157,-15190,-70,-420,126.0,0
118085,1000,58,175,-13230,0,630,129.0,0
118100,980,52,204,-10850,70,2730,128.0,0
118115,990,62,188,-6160,70,3920,128.0,0
118125,999,30,186,-3780,210,5040,125.0,0
118140,1008,31,185,210,-210,6370,127.0,0
118155,980,51,216,1890,-140,7140,127.0,0
118165,990,46,207,2730,-630,7350,129.0,0
118180,1009,46,176,3290,-1050,7490,128.0,0
118201,991,71,175,2240,-1960,7070,129.0,0
118216,995,72,175,2380,-2520,7630,129.0,0
118226,1019,7,193,3150,-2800,7630,126.0,0
118241,1038,7,125,4060,-2310,7420,128.0,0
118256,1018,19,146,2730,-2100,5670,127.0,0
118271,1023,6,124,2870,-1750,5110,127.0,0
118281,1041,28,79,3290,-980,4760,127.0,0
118296,1047,8,95,1400,1050,3500,127.0,0
118311,1022,5,117,630,2380,2310,127.0,0
118321,1016,31,124,630,2730,1890,128.0,0
118336,1035,47,104,70,3710,1750,126.0,0
118351,1023,32,133,-1330,4970,1050,126.0,0
118361,1015,23,146,-1470,5040,700,128.0,0
118376,995,15,171,-1470,4900,210,126.0,0
118391,1005,41,213,-1610,4060,-350,126.0,0
118401,992,89,232,-1540,3500,-420,131.0,0
118416,953,127,248,-2660,2450,-210,127.0,0
118431,981,97,218,-7490,-700,-140,127.0,0
118444,990,41,206,-8610,-1680,70,128.0,0
118459,995,-29,212,-3430,-1260,1330,127.0,0
118474,1008,-67,187,1050,-1120,3080,128.0,0
118489,1019,100,135,5460,-770,3080,128.0,0
118499,1033,67,95,3220,-840,2800,125.0,0
118514,1043,12,97,1400,140,2310,129.0,0
118529,1030,67,61,1890,2730,2380,129.0,0
118539,1039,51,123,420,3220,2170,128.0,0
118554,1028,-29,153,1050,5250,1540,130.0,0
118569,1011,16,143,-910,4550,1400,130.0,0
118579,1001,56,154,-840,4900,1120,127.0,0
118594,999,1,180,0,5600,1120,129.0,0
118609,1000,56,216,420,4900,1050,129.0,0
118619,989,52,194,350,4410,980,128.0,0
118634,997,71,191,-1960,4340,700,131.0,0
118649,1009,39,183,-5390,3640,-630,131.0,0
118659,1009,33,186,-6300,3430,-1190,130.0,0
118674,993,11,217,-6370,3080,-1680,130.0,0
118689,992,2,228,-4690,2100,-2170,130.0,0
118704,992,2,231,-3010,1680,-1890,128.0,0
118719,999,16,215,700,1330,-1750,129.0,0
118734,987,46,216,2240,1120,-1260,130.0,0
118749,1006,62,187,2940,980,-1190,129.0,0
118764,1010,73,172,2520,1190,-700,129.0,0
118774,1000,89,172,2030,1120,-350,130.0,0
118789,1014,88,152,1400,1260,-70,132.0,0
118804,1016,91,165,70,2240,490,132.0,0
118814,1005,88,175,-840,2380,560,131.0,0
118829,1000,76,189,-1470,2940,350,135.0,0
118850,1011,54,174,-4900,2520,-210,131.0,0
118865,981,81,219,-5810,2240,-350,131.0,0
118875,975,84,225,-7070,1540,-560,132.0,0
118890,987,78,209,-8050,560,-420,134.0,0
118905,994,58,217,-8050,490,-210,134.0,0
118915,991,48,225,-7840,280,-70,130.0,0
118930,1000,41,204,-7000,140,420,130.0,0
118945,999,41,216,-5950,280,980,130.0,0
118958,996,53,203,-4200,70,1330,133.0,0
118973,999,53,203,-3990,70,1890,134.0,0
118988,997,60,201,-4270,630,2030,132.0,0
119003,997,68,198,-4760,-70,1960,132.0,0
119013,1000,65,198,-4830,70,2030,134.0,0
119028,1003,43,199,-4760,-140,2100,131.0,0
119043,1007,26,202,-3990,-350,2100,131.0,0
119053,1010,31,215,-2660,350,2170,132.0,0
119068,993,44,219,-2100,280,2240,133.0,0
119083,999,49,205,-910,1050,2100,133.0,0
119093,1002,54,186,-1330,840,1820,131.0,0
119108,1009,57,188,-2310,280,1190,134.0,0
119123,988,76,217,-4340,210,980,131.0,0
119138,994,80,199,-5250,280,910,131.0,0
119148,1002,48,199,-5180,140,1050,134.0,0
119163,1017,19,197,-3850,490,1400,133.0,0
119178,1003,19,224,-1120,1540,2100,133.0,0
119188,1003,22,235,910,3080,2380,133.0,0
119203,988,43,248,2100,3360,2730,134.0,0
119222,977,36,245,6440,3290,3990,134.0,0
119237,999,43,237,9590,3010,5040,134.0,0
119247,974,55,206,9240,3990,5040,135.0,0
119262,998,48,202,8960,-140,5180,134.0,0
119277,998,81,223,7000,-70,5180,134.0,0
119287,996,89,230,7210,350,4970,134.0,0
119302,970,55,119,5880,-2380,5320,136.0,0
119317,998,48,239,5880,1120,4970,136.0,0
119327,999,42,204,6300,420,5320,133.0,0
119342,1003,4,118,6930,-700,6650,133.0,0
119357,1013,37,281,7840,-2100,6790,133.0,0
119367,1019,53,286,10360,700,6720,135.0,0
119382,1012,22,181,10920,2170,6720,133.0,0
119397,997,48,201,10500,2240,5880,133.0,0
119407,994,69,197,7910,2170,5530,131.0,0
119422,996,83,212,5950,1960,5180,132.0,0
119437,991,87,215,1540,1400,4340,132.0,0
119447,1002,68,210,-70,980,3990,135.0,0
119462,993,-6,247,490,1050,4060,134.0,0
119479,983,72,246,2870,420,4480,136.0,0
119494,999,53,222,2100,-350,4550,136.0,0
119504,999,19,226,2380,-490,4550,132.0,0
119519,990,42,239,2590,-840,4480,132.0,0
119534,999,43,237,2310,-1330,4410,132.0,0
119544,991,35,243,2520,-1470,4480,132.0,0
119559,999,41,218,2730,-1680,4340,133.0,0
119574,1007,24,206,2030,-1400,4060,133.0,0
119584,995,16,230,1890,-1260,3780,138.0,0
119599,994,24,227,1890,-1330,3220,135.0,0
119614,1002,31,213,1820,-1260,3010,135.0,0
119624,997,33,221,1820,-1120,2870,134.0,0
119639,997,34,207,1750,-980,2730,134.0,0
119654,1007,32,202,1680,-700,2660,134.0,0
119664,1002,27,211,1610,-560,2520,133.0,0
119679,998,-15,153,1960,0,2310,135.0,0
119694,1019,84,241,2800,700,1960,135.0,0
119704,982,40,228,1120,700,1960,135.0,0
119719,980,20,237,350,-560,2030,134.0,0
119738,997,11,196,1750,-140,1680,135.0,0
119753,985,34,256,1680,0,1260,135.0,0
119763,991,24,251,1330,140,1470,135.0,0
119778,1020,48,221,1610,350,1470,131.0,0
119793,1015,24,218,1540,1890,1470,131.0,0
119803,993,22,206,1680,1680,1470,132.0,0
119818,994,48,215,1610,1050,1330,134.0,0
119833,996,30,234,840,-1050,1260,134.0,0
119852,1007,47,224,1120,-980,1260,134.0,0
119863,996,28,232,980,-420,1120,133.0,0
119878,992,24,232,1680,420,1260,135.0,0
119893,992,59,238,1470,910,1260,137.0,0
119908,984,32,231,1750,910,1540,137.0,0
119918,997,36,218,2170,560,1680,133.0,0
119933,989,43,238,2030,-560,1680,133.0,0
119948,977,49,251,1190,-2170,2240,133.0,0
119958,987,42,251,1050,-3290,2450,132.0,0
119973,1003,53,226,1680,-1960,3080,131.0,0
119990,984,36,254,2030,-1610,3220,131.0,0
120000,955,38,305,1820,-3080,3290,134.0,0
120015,970,27,197,3220,-4620,3570,134.0,0
120030,1012,51,204,3570,-4690,3780,135.0,0
120045,1007,36,221,2520,-4620,3780,135.0,0
120055,1000,54,227,2450,-4130,4130,133.0,0
120070,1016,27,183,3640,-2100,3990,135.0,0
120085,1006,32,182,3570,-1260,3990,135.0,0
120095,1002,41,221,2870,-1190,3780,135.0,0
120110,1009,9,194,3010,-840,3430,132.0,0
120125,1007,30,213,2520,-1120,3150,132.0,0
120135,1011,12,190,2730,-140,2170,138.0,0
120150,990,40,195,1190,140,1890,135.0,0
120165,1010,19,249,1540,490,1190,135.0,0
120175,1003,14,193,0,980,980,131.0,0
120190,971,-32,240,-1050,770,280,134.0,0
120205,986,20,264,980,840,-350,134.0,0
120215,1014,33,224,1120,700,-560,133.0,0
120230,973,29,253,-280,-280,-630,134.0,0
120249,1002,49,207,770,-420,-350,134.0,0
120264,1000,32,231,630,-490,-140,134.0,0
120274,996,57,245,980,-420,70,137.0,0
120289,988,44,237,770,-630,490,139.0,0
120304,994,41,227,840,-770,770,139.0,0
120314,992,45,239,1260,-700,980,133.0,0
120329,986,42,250,1610,-1260,1260,136.0,0
120344,988,51,241,1820,-1610,1610,136.0,0
120354,993,45,234,1750,-1890,1750,134.0,0
120369,991,43,241,1820,-2240,2100,133.0,0
120384,990,45,239,1890,-2380,2170,133.0,0
120394,995,34,234,2030,-2450,2380,134.0,0
